ticker,schemaVersion,modoNiveles,marcoCalculo,zonaLowManual,zonaHighManual,soporteManual,invalidationManual,resistenciaManual,liquidezManual,avwapPivotManual,avwapBreakoutManual,extendedTarget,asOf,fuenteDatos,swingSma20,swingSma50,swingTarget,pivotLowAnchorAt,breakoutAnchorAt,swingVerdict,swingDirection,swingScore,swingEntryGatePassed,stImpulseLow,stImpulseHigh,stImpulseLowAt,stImpulseHighAt,stFib618,stFib50,stFib1618,stZoneLow,stZoneHigh,stSupport20,stResistance20,stInvalidation,stPrimaryTarget,stExtendedTarget,stGeometryStatus,stMaturity,stEligible,stReasons,geriZoneLow,geriZoneHigh,geriInvalidation,geriActiveLevelKind,geriActiveLevelPrice,geriActiveLevelSequence,geriMaturity,geriTradeSide,geriBounceConfirmed,geriFastConfirmation,geriFourHourConfirmation,geriReasons,geriN1Kind,geriN1Price,geriN2Kind,geriN2Price,geriN3Kind,geriN3Price,swingInvalidationSources,supportState,supportConfirmationType,supportZoneLow,supportZoneCenter,supportZoneHigh,supportInvalidation,supportScore,supportReactionScore,supportReversalScore,supportActionabilityScore,supportZonePosition,supportSources,supportImpulseOrigin,supportImpulseOriginAt,supportImpulsePeak,supportImpulseAdvancePercent,supportFib50,supportFib618,supportFib786,supportReasons
GFR,3,MANUAL,DIARIO FIJO,6.0519,6.2543,5.9500,5.8608,7.1000,7.1600,6.1531,6.3201,8.2909,2026-09-04T20:00:00Z,ALPACA_DIRECTO,6.3860,6.1822,6.7734,2026-08-27T04:00:00Z,2026-08-12T04:00:00Z,WATCH,BULLISH,64.00,false,5.3300,7.1600,2026-06-18T04:00:00Z,2026-08-12T04:00:00Z,6.0291,6.2450,8.2909,6.0291,6.2450,5.8400,7.1600,5.7388,7.1600,8.2909,ENGINE_ASSESSMENT,ST1,true,swing_trade_st1|spot_in_zone|swing_trade_entry_trigger_pending|entry_vwap_gate_pending|entry_session_rvol_pending|recovery_observation_watching,5.7752,5.8448,5.7403,SUPPORT,5.8100,3,EXTENDED,LONG,false,false,false,manual_monitor_only|impulse_extended_awaiting_pullback|trade_side:LONG|active_level:3:SUPPORT,SUPPORT,6.1000,RESISTANCE,6.5090,SUPPORT,5.8100,SIN_DATO,SIN_DATO,SIN_DATO,0,0,0,0,0,0,0,0,SIN_DATO,SIN_DATO,0,SIN_DATO,0,0,0,0,0,SIN_DATO
COO,3,MANUAL,DIARIO FIJO,69.1270,70.6372,69.0750,68.0389,76.8200,78.1050,69.8821,73.8039,86.2410,2026-09-04T20:00:00Z,ALPACA_DIRECTO,73.7795,72.6452,72.6922,2026-09-01T04:00:00Z,2026-08-10T04:00:00Z,AVOID,BEARISH,30.00,false,64.9400,78.1050,2026-06-17T04:00:00Z,2026-08-19T04:00:00Z,69.9690,71.5225,86.2410,69.9690,71.5225,69.0750,78.1050,68.3199,78.1050,86.2410,ENGINE_ASSESSMENT,SIN_DATO,false,swing_trade_no_thesis|base_gate_failed|entry_rejection_pending|entry_vwap_gate_pending|entry_session_rvol_pending|recovery_observation_watching,0,0,0,RESISTANCE,71.0700,1,BUILDING,SHORT,false,false,false,structural_chain_rebased|manual_monitor_only|g0_structure_building|trade_side:SHORT|active_level:1:RESISTANCE,RESISTANCE,71.0700,SIN_DATO,0,SIN_DATO,0,SIN_DATO,SIN_DATO,SIN_DATO,0,0,0,0,0,0,0,0,SIN_DATO,SIN_DATO,0,SIN_DATO,0,0,0,0,0,SIN_DATO
OC,3,MANUAL,DIARIO FIJO,138.5577,143.0052,132.5850,130.5962,158.9200,159.8760,140.7814,146.8828,187.6767,2026-09-04T20:00:00Z,ALPACA_DIRECTO,146.7815,145.3016,154.9976,2026-08-20T04:00:00Z,2026-08-05T04:00:00Z,WATCH,BULLISH,30.00,false,114.9800,159.9100,2026-06-11T04:00:00Z,2026-06-30T04:00:00Z,132.1433,137.4450,187.6767,132.1433,137.4450,132.5850,159.8760,130.3613,159.8760,187.6767,ENGINE_ASSESSMENT,ST2,true,swing_trade_st2|support_confluence|entry_rejection_pending|entry_vwap_gate_pending|recovery_observation_watching,0,0,0,SUPPORT,132.5850,2,BUILDING,SHORT,false,false,false,structural_chain_rebased|manual_monitor_only|g0_structure_building|trade_side:SHORT|active_level:2:SUPPORT,RESISTANCE,135.8700,SUPPORT,132.5850,SIN_DATO,0,SIN_DATO,SIN_DATO,SIN_DATO,0,0,0,0,0,0,0,0,SIN_DATO,SIN_DATO,0,SIN_DATO,0,0,0,0,0,SIN_DATO
FDX,3,MANUAL,DIARIO FIJO,315.5257,323.3592,315.3250,310.5951,339.3500,341.6900,326.6329,328.8648,0,2026-09-04T20:00:00Z,ALPACA_DIRECTO,328.4665,319.4424,346.1898,2026-08-24T04:00:00Z,2026-08-13T04:00:00Z,WATCH,BULLISH,49.00,false,0,0,SIN_DATO,SIN_DATO,0,0,0,0,0,0,0,0,0,0,ENGINE_REJECTED,SIN_DATO,SIN_DATO,SwingTrade LONG impulse requires low before high,0,0,0,SUPPORT,304.1800,2,BUILDING,SHORT,false,false,false,manual_monitor_only|g0_structure_building|trade_side:SHORT|active_level:2:SUPPORT,RESISTANCE,313.7500,SUPPORT,304.1800,SIN_DATO,0,SIN_DATO,SIN_DATO,SIN_DATO,0,0,0,0,0,0,0,0,SIN_DATO,SIN_DATO,0,SIN_DATO,0,0,0,0,0,SIN_DATO
TTC,3,MANUAL,DIARIO FIJO,89.6904,92.3597,91.0250,89.6596,100.3500,100.8000,97.1001,97.4611,108.3775,2026-09-04T20:00:00Z,ALPACA_DIRECTO,97.8730,96.1750,100.8508,2026-08-20T04:00:00Z,2026-08-04T04:00:00Z,WATCH,BULLISH,21.00,false,88.5386,100.8000,2026-06-15T04:00:00Z,2026-08-26T04:00:00Z,93.2225,94.6693,108.3775,93.2225,94.6693,91.0250,100.8000,89.6904,100.8000,108.3775,ENGINE_ASSESSMENT,ST1,true,swing_trade_st1|spot_in_zone|swing_trade_entry_trigger_pending|entry_session_rvol_pending|recovery_observation_watching,0,0,0,SUPPORT,90.2428,2,BUILDING,SHORT,false,false,false,manual_monitor_only|g0_structure_building|trade_side:SHORT|active_level:2:SUPPORT,RESISTANCE,96.6400,SUPPORT,90.2428,SIN_DATO,0,SIN_DATO,SIN_DATO,SIN_DATO,0,0,0,0,0,0,0,0,SIN_DATO,SIN_DATO,0,SIN_DATO,0,0,0,0,0,SIN_DATO
TMUS,3,MANUAL,DIARIO FIJO,179.5421,183.6380,176.2200,173.5767,188.0200,189.8700,183.0047,181.2082,219.3695,2026-09-04T20:00:00Z,ALPACA_DIRECTO,181.5900,181.4180,197.4366,2026-08-27T04:00:00Z,2026-07-16T04:00:00Z,WATCH,BULLISH,64.00,false,165.6600,198.8550,2026-06-30T04:00:00Z,2026-07-17T04:00:00Z,178.3405,182.2575,219.3695,178.3405,182.2575,173.0950,189.8700,171.0470,189.8700,219.3695,ENGINE_ASSESSMENT,SIN_DATO,false,swing_trade_no_thesis|spot_in_zone|base_gate_failed|insufficient_reward_risk|swing_trade_entry_trigger_pending|entry_rejection_pending|entry_vwap_gate_pending|entry_session_rvol_pending|recovery_observation_watching,0,0,0,SUPPORT,180.6500,1,BUILDING,LONG,false,false,false,structural_chain_rebased|manual_monitor_only|g0_structure_building|trade_side:LONG|active_level:1:SUPPORT,SUPPORT,180.6500,SIN_DATO,0,SIN_DATO,0,SIN_DATO,SIN_DATO,SIN_DATO,0,0,0,0,0,0,0,0,SIN_DATO,SIN_DATO,0,SIN_DATO,0,0,0,0,0,SIN_DATO
ETN,3,MANUAL,DIARIO FIJO,408.5758,422.0691,384.7701,378.9985,459.9600,478.0000,404.8149,422.0337,552.0828,2026-09-04T20:00:00Z,ALPACA_DIRECTO,423.1240,415.3224,474.5830,2026-08-24T04:00:00Z,2026-08-11T04:00:00Z,WATCH,BULLISH,41.00,false,358.1250,478.0000,2026-07-29T04:00:00Z,2026-08-12T04:00:00Z,403.9173,418.0625,552.0828,403.9173,418.0625,384.7701,478.0000,378.0235,478.0000,552.0828,ENGINE_ASSESSMENT,ST1,true,swing_trade_st1|spot_in_zone|recovery_observation_watching,0,0,0,SUPPORT,384.7701,2,BUILDING,SHORT,false,false,false,structural_chain_rebased|manual_monitor_only|g0_structure_building|trade_side:SHORT|active_level:2:SUPPORT,RESISTANCE,394.8900,SUPPORT,384.7701,SIN_DATO,0,SWING_DIARIO,LIQUIDITY_SWEEP,NONE,413.9731,415.5652,417.1573,403.8531,59.0000,51.6000,0.0000,25.2382,BELOW_ZONE,daily_sma50|weekly_sma10,358.1250,2026-07-29T04:00:00Z,478.0000,33.4729,0,0,0,liquidity_sweep_waiting_for_reclaim
ENR,3,MANUAL,DIARIO FIJO,20.9602,21.8135,20.2400,19.9364,22.7700,23.0300,20.9588,21.8812,0,2026-09-04T20:00:00Z,ALPACA_DIRECTO,21.8245,21.3868,23.7872,2026-09-01T04:00:00Z,2026-08-05T04:00:00Z,WATCH,BULLISH,31.00,false,0,0,SIN_DATO,SIN_DATO,0,0,0,0,0,0,0,0,0,0,ENGINE_REJECTED,SIN_DATO,SIN_DATO,SwingTrade LONG impulse requires low before high,0,0,0,RESISTANCE,23.0950,2,BUILDING,LONG,false,false,false,manual_monitor_only|g0_structure_building|trade_side:LONG|active_level:2:RESISTANCE,SUPPORT,21.0000,RESISTANCE,23.0950,SIN_DATO,0,SIN_DATO,SIN_DATO,SIN_DATO,0,0,0,0,0,0,0,0,SIN_DATO,SIN_DATO,0,SIN_DATO,0,0,0,0,0,SIN_DATO
SHOO,3,MANUAL,DIARIO FIJO,43.7153,44.9814,41.4000,40.7790,48.8800,49.3350,42.3571,46.1841,56.7699,2026-09-04T20:00:00Z,ALPACA_DIRECTO,45.4950,44.3483,49.4820,2026-09-01T04:00:00Z,2026-07-30T04:00:00Z,WATCH,BULLISH,37.00,false,38.2600,49.7000,2026-07-08T04:00:00Z,2026-08-06T04:00:00Z,42.6301,43.9800,56.7699,42.6301,43.9800,41.4000,49.3350,40.7670,49.3350,56.7699,ENGINE_ASSESSMENT,ST1,true,swing_trade_st1|spot_in_zone|swing_trade_entry_trigger_pending|entry_rejection_pending|entry_vwap_gate_pending|recovery_observation_watching,0,0,0,SUPPORT,41.9900,2,BUILDING,SHORT,false,false,false,structural_chain_rebased|manual_monitor_only|g0_structure_building|trade_side:SHORT|active_level:2:SUPPORT,RESISTANCE,42.6700,SUPPORT,41.9900,SIN_DATO,0,SIN_DATO,SIN_DATO,SIN_DATO,0,0,0,0,0,0,0,0,SIN_DATO,SIN_DATO,0,SIN_DATO,0,0,0,0,0,SIN_DATO
FWRG,3,MANUAL,DIARIO FIJO,11.9087,12.4646,11.6300,11.4556,13.1700,13.4000,12.1866,12.5469,15.3951,2026-09-04T20:00:00Z,ALPACA_DIRECTO,12.4588,12.5552,13.2088,2026-08-27T04:00:00Z,2026-07-01T04:00:00Z,WATCH,BULLISH,13.00,false,10.8000,13.6400,2026-06-11T04:00:00Z,2026-07-01T04:00:00Z,11.8849,12.2200,15.3951,11.8849,12.2200,11.5300,13.4000,11.2521,13.4000,15.3951,ENGINE_ASSESSMENT,ST1,true,swing_trade_st1|spot_in_zone|swing_trade_entry_trigger_pending|entry_rejection_pending|entry_vwap_gate_pending|entry_session_rvol_pending|recovery_observation_watching,11.4195,11.6405,11.3090,SUPPORT,11.5300,3,ARMED,LONG,false,false,false,structural_chain_rebased|manual_monitor_only|g0_level_armed|trade_side:LONG|active_level:3:SUPPORT,SUPPORT,12.0900,RESISTANCE,12.5150,SUPPORT,11.5300,SIN_DATO,SIN_DATO,SIN_DATO,0,0,0,0,0,0,0,0,SIN_DATO,SIN_DATO,0,SIN_DATO,0,0,0,0,0,SIN_DATO
FIS,3,MANUAL,DIARIO FIJO,41.3304,42.4829,40.0850,39.4837,44.1300,44.3900,41.6651,42.5734,52.9124,2026-09-04T20:00:00Z,ALPACA_DIRECTO,41.5540,41.9066,46.7326,2026-09-01T04:00:00Z,2026-07-29T04:00:00Z,WATCH,BULLISH,3.00,false,37.4200,46.9950,2026-06-22T04:00:00Z,2026-07-29T04:00:00Z,41.0777,42.2075,52.9124,41.0777,42.2075,40.0850,44.3900,39.5088,44.3900,52.9124,ENGINE_ASSESSMENT,SIN_DATO,false,swing_trade_no_thesis|spot_in_zone|base_gate_failed|insufficient_reward_risk|recovery_observation_watching,0,0,0,RESISTANCE,46.1900,2,BUILDING,LONG,false,false,false,manual_monitor_only|g0_structure_building|trade_side:LONG|active_level:2:RESISTANCE,SUPPORT,45.3200,RESISTANCE,46.1900,SIN_DATO,0,SIN_DATO,SIN_DATO,SIN_DATO,0,0,0,0,0,0,0,0,SIN_DATO,SIN_DATO,0,SIN_DATO,0,0,0,0,0,SIN_DATO
ETD,3,MANUAL,DIARIO FIJO,22.4380,23.2960,21.2250,20.9066,24.7100,25.1300,23.4419,22.9757,27.7750,2026-09-04T20:00:00Z,ALPACA_DIRECTO,23.1900,22.8670,25.6568,2026-08-31T04:00:00Z,2026-06-24T04:00:00Z,WATCH,BULLISH,22.00,false,20.8500,25.1300,2026-06-22T04:00:00Z,2026-09-02T04:00:00Z,22.4850,22.9900,27.7750,22.4850,22.9900,21.2250,25.1300,20.7960,25.1300,27.7750,ENGINE_ASSESSMENT,ST1,true,swing_trade_st1|spot_in_zone|swing_trade_entry_trigger_pending|entry_rejection_pending|entry_session_rvol_pending|recovery_observation_watching,0,0,0,SUPPORT,21.2250,1,BUILDING,LONG,false,false,false,structural_chain_rebased|manual_monitor_only|g0_structure_building|trade_side:LONG|active_level:1:SUPPORT,SUPPORT,21.2250,SIN_DATO,0,SIN_DATO,0,SIN_DATO,SIN_DATO,SIN_DATO,0,0,0,0,0,0,0,0,SIN_DATO,SIN_DATO,0,SIN_DATO,0,0,0,0,0,SIN_DATO
COUR,3,MANUAL,DIARIO FIJO,5.6533,5.9288,5.7500,5.6638,6.5200,6.6350,6.0151,6.2339,7.6145,2026-09-04T20:00:00Z,ALPACA_DIRECTO,5.9645,5.7910,6.0274,2026-08-12T04:00:00Z,2026-08-28T04:00:00Z,WATCH,BULLISH,63.00,false,5.0500,6.6350,2026-07-30T04:00:00Z,2026-08-28T04:00:00Z,5.6555,5.8425,7.6145,5.6555,5.8425,5.5000,6.6350,5.3623,6.6350,7.6145,ENGINE_ASSESSMENT,ST1,true,swing_trade_st1|spot_in_zone|swing_trade_entry_trigger_pending|entry_rejection_pending|entry_vwap_gate_pending|entry_session_rvol_pending|recovery_observation_watching,0,0,0,SUPPORT,5.0500,4,BUILDING,SHORT,false,false,false,manual_monitor_only|g0_structure_building|trade_side:SHORT|active_level:4:SUPPORT,RESISTANCE,5.9800,SUPPORT,5.8050,RESISTANCE,6.4000,SIN_DATO,SIN_DATO,SIN_DATO,0,0,0,0,0,0,0,0,SIN_DATO,SIN_DATO,0,SIN_DATO,0,0,0,0,0,SIN_DATO
VAC,3,MANUAL,DIARIO FIJO,105.4015,110.2526,98.2101,96.7369,123.4700,131.3400,107.8270,113.4186,157.8955,2026-09-04T20:00:00Z,ALPACA_DIRECTO,111.9970,105.1390,126.4612,2026-08-20T04:00:00Z,2026-08-06T04:00:00Z,WATCH,BULLISH,25.00,false,88.3700,131.3400,2026-06-11T04:00:00Z,2026-08-07T04:00:00Z,104.7845,109.8550,157.8955,104.7845,109.8550,98.2101,124.1200,95.7846,124.1200,157.8955,ENGINE_ASSESSMENT,ST1,true,swing_trade_st1|spot_in_zone|swing_trade_entry_trigger_pending|entry_rejection_pending|entry_vwap_gate_pending|entry_session_rvol_pending|recovery_observation_watching,0,0,0,SUPPORT,96.7450,2,BUILDING,SHORT,false,false,false,manual_monitor_only|g0_structure_building|trade_side:SHORT|active_level:2:SUPPORT,RESISTANCE,105.3950,SUPPORT,96.7450,SIN_DATO,0,SIN_DATO,SIN_DATO,SIN_DATO,0,0,0,0,0,0,0,0,SIN_DATO,SIN_DATO,0,SIN_DATO,0,0,0,0,0,SIN_DATO
VTR,3,MANUAL,DIARIO FIJO,89.2557,91.0444,90.1500,88.7978,93.8300,94.5000,91.5482,92.8525,114.4451,2026-09-04T20:00:00Z,ALPACA_DIRECTO,91.6435,92.8384,93.1844,2026-08-31T04:00:00Z,2026-07-24T04:00:00Z,AVOID,BEARISH,19.00,false,80.8150,101.6000,2026-06-22T04:00:00Z,2026-07-28T04:00:00Z,88.7549,91.2075,114.4451,88.7549,91.2075,86.9200,94.5000,86.0256,94.5000,114.4451,ENGINE_ASSESSMENT,SIN_DATO,false,swing_trade_no_thesis|spot_in_zone|base_gate_failed|insufficient_reward_risk|swing_trade_entry_trigger_pending|entry_rejection_pending|entry_vwap_gate_pending|entry_session_rvol_pending|recovery_observation_watching,0,0,0,RESISTANCE,97.9300,2,BUILDING,LONG,false,false,false,manual_monitor_only|g0_structure_building|trade_side:LONG|active_level:2:RESISTANCE,SUPPORT,96.9200,RESISTANCE,97.9300,SIN_DATO,0,SWING_DIARIO,BASE_BUILDING,NONE,89.6367,90.2026,90.8889,88.2951,79.0000,39.6000,0.0000,41.5100,IN_ZONE,pivot_daily_374|fib_0500|fib_0618|round_number,80.8150,2026-06-22T04:00:00Z,101.6000,25.7192,90.7100,89.8156,88.5421,consolidation_above_key_support|base_requires_breakout_confirmation
AOS,3,MANUAL,DIARIO FIJO,59.0095,60.6241,58.4100,57.5339,63.9800,64.3200,59.8168,61.6589,69.4915,2026-09-04T20:00:00Z,ALPACA_DIRECTO,61.6240,61.3236,66.3722,2026-09-01T04:00:00Z,2026-07-28T04:00:00Z,WATCH,BULLISH,51.00,false,57.1300,64.7700,2026-06-23T04:00:00Z,2026-07-30T04:00:00Z,60.0485,60.9500,69.4915,60.0485,60.9500,58.4100,64.0900,57.6027,64.0900,69.4915,ENGINE_ASSESSMENT,SIN_DATO,false,swing_trade_no_thesis|spot_in_zone|base_gate_failed|insufficient_reward_risk|swing_trade_entry_trigger_pending|entry_rejection_pending|entry_vwap_gate_pending|recovery_observation_watching,0,0,0,RESISTANCE,64.3200,2,BUILDING,LONG,false,false,false,manual_monitor_only|g0_structure_building|trade_side:LONG|active_level:2:RESISTANCE,SUPPORT,59.0500,RESISTANCE,64.3200,SIN_DATO,0,SIN_DATO,SIN_DATO,SIN_DATO,0,0,0,0,0,0,0,0,SIN_DATO,SIN_DATO,0,SIN_DATO,0,0,0,0,0,SIN_DATO
HIW,3,MANUAL,DIARIO FIJO,30.9078,31.4763,30.1100,29.6584,31.9100,32.0700,30.8604,32.0734,39.7517,2026-09-04T20:00:00Z,ALPACA_DIRECTO,31.1920,31.8578,34.2232,2026-09-01T04:00:00Z,2026-07-29T04:00:00Z,AVOID,BEARISH,3.00,false,28.4500,35.4350,2026-06-17T04:00:00Z,2026-07-29T04:00:00Z,31.1183,31.9425,39.7517,31.1183,31.9425,30.1100,32.0700,29.8257,32.0700,39.7517,ENGINE_ASSESSMENT,SIN_DATO,false,swing_trade_no_thesis|spot_in_zone|base_gate_failed|insufficient_reward_risk|swing_trade_entry_trigger_pending|entry_rejection_pending|entry_vwap_gate_pending|recovery_observation_watching,0,0,0,RESISTANCE,31.5250,1,BUILDING,SHORT,false,false,false,structural_chain_rebased|manual_monitor_only|g0_structure_building|trade_side:SHORT|active_level:1:RESISTANCE,RESISTANCE,31.5250,SIN_DATO,0,SIN_DATO,0,SWING_DIARIO,RECLAIMED,SWEEP_RECLAIM,30.5831,30.6783,30.7735,30.1568,59.0000,100.0000,35.0000,55.1611,ABOVE_ZONE,pivot_daily_360|fib_0786,28.5350,2026-06-25T04:00:00Z,35.4350,24.1808,31.1800,30.9888,30.7167,liquidity_sweep_below_support|support_reclaimed_on_close|reaction_not_yet_trend_reversal
CBRS,3,MANUAL,DIARIO FIJO,203.6052,218.2702,168.7000,166.1695,262.0600,265.6300,197.2498,210.9377,330.4087,2026-09-04T20:00:00Z,ALPACA_DIRECTO,206.4753,203.0083,297.4810,2026-09-02T04:00:00Z,2026-08-12T04:00:00Z,WATCH,BULLISH,52.00,false,160.8101,265.6300,2026-06-26T04:00:00Z,2026-08-12T04:00:00Z,200.8513,213.2201,330.4087,200.8513,213.2201,168.7000,265.6300,161.3675,265.6300,330.4087,ENGINE_ASSESSMENT,SIN_DATO,false,swing_trade_no_thesis|spot_in_zone|base_gate_failed|insufficient_reward_risk|swing_trade_entry_trigger_pending|entry_rejection_pending|entry_vwap_gate_pending|recovery_observation_watching,0,0,0,SUPPORT,168.7000,2,BUILDING,SHORT,false,false,false,structural_chain_rebased|manual_monitor_only|g0_structure_building|trade_side:SHORT|active_level:2:SUPPORT,RESISTANCE,210.2200,SUPPORT,168.7000,SIN_DATO,0,SIN_DATO,SIN_DATO,SIN_DATO,0,0,0,0,0,0,0,0,SIN_DATO,SIN_DATO,0,SIN_DATO,0,0,0,0,0,SIN_DATO
NMRK,3,MANUAL,DIARIO FIJO,15.0799,15.6567,14.4600,14.2431,16.4200,16.4500,14.9288,15.5380,17.8961,2026-09-04T20:00:00Z,ALPACA_DIRECTO,15.3683,15.3753,17.2488,2026-09-02T04:00:00Z,2026-08-19T04:00:00Z,WATCH,BULLISH,4.00,false,14.1100,16.4500,2026-08-10T04:00:00Z,2026-08-19T04:00:00Z,15.0039,15.2800,17.8961,15.0039,15.2800,14.1100,16.4500,13.8216,16.4500,17.8961,ENGINE_ASSESSMENT,SIN_DATO,false,swing_trade_no_thesis|spot_in_zone|base_gate_failed|insufficient_reward_risk|swing_trade_entry_trigger_pending|entry_rejection_pending|entry_session_rvol_pending|recovery_observation_watching,14.0075,14.2125,13.9049,SUPPORT,14.1100,3,EXTENDED,LONG,false,false,false,manual_monitor_only|impulse_extended_awaiting_pullback|trade_side:LONG|active_level:3:SUPPORT,SUPPORT,14.7350,RESISTANCE,15.8950,SUPPORT,14.1100,SIN_DATO,SIN_DATO,SIN_DATO,0,0,0,0,0,0,0,0,SIN_DATO,SIN_DATO,0,SIN_DATO,0,0,0,0,0,SIN_DATO
UHAL,3,MANUAL,DIARIO FIJO,65.4796,67.0805,66.2800,65.2858,75.2700,76.1800,69.1503,71.4406,86.0661,2026-09-04T20:00:00Z,ALPACA_DIRECTO,70.7105,70.3278,70.7284,2026-08-19T04:00:00Z,2026-08-06T04:00:00Z,AVOID,BEARISH,26.00,false,60.8900,76.4500,2026-06-17T04:00:00Z,2026-08-06T04:00:00Z,66.8339,68.6700,86.0661,66.8339,68.6700,66.2800,75.8800,65.4796,75.8800,86.0661,ENGINE_ASSESSMENT,ST1,true,swing_trade_st1|spot_in_zone|swing_trade_entry_trigger_pending|entry_rejection_pending|entry_vwap_gate_pending|entry_session_rvol_pending|recovery_observation_watching,0,0,0,RESISTANCE,68.0100,2,BUILDING,LONG,false,false,false,structural_chain_rebased|manual_monitor_only|g0_structure_building|trade_side:LONG|active_level:2:RESISTANCE,SUPPORT,66.7850,RESISTANCE,68.0100,SIN_DATO,0,SWING_DIARIO,NO_NEARBY_SUPPORT,NONE,0,0,0,0,0,0,0,0,NO_ZONE,SIN_DATO,64.5000,2026-07-08T04:00:00Z,76.4500,18.5271,73.2150,72.4515,71.3646,no_actionable_support_within_distance
CHD,3,MANUAL,DIARIO FIJO,98.2940,100.2629,97.7200,96.2542,103.3000,103.6600,100.4725,100.9206,110.8855,2026-09-04T20:00:00Z,ALPACA_DIRECTO,100.4760,99.2784,103.2316,2026-08-21T04:00:00Z,2026-08-04T04:00:00Z,WATCH,BULLISH,50.00,false,93.6700,104.3100,2026-06-22T04:00:00Z,2026-08-06T04:00:00Z,97.7345,98.9900,110.8855,97.7345,98.9900,96.2700,103.6600,95.2855,103.6600,110.8855,ENGINE_ASSESSMENT,ST1,true,swing_trade_st1|spot_in_zone|swing_trade_entry_trigger_pending|entry_rejection_pending|entry_vwap_gate_pending|entry_session_rvol_pending|recovery_observation_watching,0,0,0,SUPPORT,94.8800,2,BUILDING,SHORT,false,false,false,manual_monitor_only|g0_structure_building|trade_side:SHORT|active_level:2:SUPPORT,RESISTANCE,101.6800,SUPPORT,94.8800,SIN_DATO,0,SIN_DATO,SIN_DATO,SIN_DATO,0,0,0,0,0,0,0,0,SIN_DATO,SIN_DATO,0,SIN_DATO,0,0,0,0,0,SIN_DATO
DEA,3,MANUAL,DIARIO FIJO,24.3563,24.7657,24.0100,23.6499,25.1000,25.2100,24.6129,24.8590,27.8571,2026-09-04T20:00:00Z,ALPACA_DIRECTO,24.5610,24.8644,25.6602,2026-08-20T04:00:00Z,2026-07-02T04:00:00Z,WATCH,BULLISH,0.00,false,22.8900,25.9599,2026-06-25T04:00:00Z,2026-07-17T04:00:00Z,24.0627,24.4250,27.8571,24.0627,24.4250,23.8000,25.2100,23.5953,25.2100,27.8571,ENGINE_ASSESSMENT,SIN_DATO,false,swing_trade_no_thesis|spot_in_zone|base_gate_failed|insufficient_reward_risk|swing_trade_entry_trigger_pending|entry_rejection_pending|entry_session_rvol_pending|recovery_observation_watching,0,0,0,RESISTANCE,25.5500,2,BUILDING,LONG,false,false,false,manual_monitor_only|g0_structure_building|trade_side:LONG|active_level:2:RESISTANCE,SUPPORT,25.1400,RESISTANCE,25.5500,SIN_DATO,0,SIN_DATO,SIN_DATO,SIN_DATO,0,0,0,0,0,0,0,0,SIN_DATO,SIN_DATO,0,SIN_DATO,0,0,0,0,0,SIN_DATO
CHDN,3,MANUAL,DIARIO FIJO,86.0021,88.8241,85.7100,84.4244,93.7100,94.8550,88.3406,89.4259,104.4062,2026-09-04T20:00:00Z,ALPACA_DIRECTO,89.2138,87.4131,92.3762,2026-09-01T04:00:00Z,2026-08-20T04:00:00Z,WATCH,BULLISH,63.00,false,79.4000,94.8550,2026-07-30T04:00:00Z,2026-08-24T04:00:00Z,85.3038,87.1275,104.4062,85.3038,87.1275,85.6890,94.8550,84.2780,94.8550,104.4062,ENGINE_ASSESSMENT,ST2,true,swing_trade_st2|support_confluence|spot_in_zone|swing_trade_entry_trigger_pending|entry_rejection_pending|entry_session_rvol_pending|recovery_observation_watching,0,0,0,SUPPORT,79.4000,2,BUILDING,SHORT,false,false,false,manual_monitor_only|g0_structure_building|trade_side:SHORT|active_level:2:SUPPORT,RESISTANCE,89.6300,SUPPORT,79.4000,SIN_DATO,0,SIN_DATO,SIN_DATO,SIN_DATO,0,0,0,0,0,0,0,0,SIN_DATO,SIN_DATO,0,SIN_DATO,0,0,0,0,0,SIN_DATO
UHAL.B,3,MANUAL,DIARIO FIJO,57.4883,58.8318,58.1600,57.2876,66.0200,66.7000,62.4543,63.1470,75.0391,2026-09-04T20:00:00Z,ALPACA_DIRECTO,62.2245,61.7956,62.2448,2026-08-12T04:00:00Z,2026-08-06T04:00:00Z,AVOID,BEARISH,26.00,false,53.7300,66.9000,2026-06-17T04:00:00Z,2026-08-06T04:00:00Z,58.7609,60.3150,75.0391,58.7609,60.3150,58.1600,66.4600,57.4882,66.4600,75.0391,ENGINE_ASSESSMENT,ST1,true,swing_trade_st1|spot_in_zone|swing_trade_entry_trigger_pending|entry_rejection_pending|entry_vwap_gate_pending|recovery_observation_watching,0,0,0,RESISTANCE,59.8000,1,BUILDING,SHORT,false,false,false,structural_chain_rebased|manual_monitor_only|g0_structure_building|trade_side:SHORT|active_level:1:RESISTANCE,RESISTANCE,59.8000,SIN_DATO,0,SIN_DATO,0,SWING_DIARIO,NO_NEARBY_SUPPORT,NONE,0,0,0,0,0,0,0,0,NO_ZONE,SIN_DATO,56.6400,2026-07-08T04:00:00Z,66.9000,18.1144,0,0,0,no_actionable_support_within_distance
DCI,3,MANUAL,DIARIO FIJO,89.3288,91.6622,89.0800,87.7438,98.6100,98.9700,90.4955,94.2218,109.3533,2026-09-04T20:00:00Z,ALPACA_DIRECTO,93.3070,92.3520,97.5424,2026-09-02T04:00:00Z,2026-08-04T04:00:00Z,WATCH,BULLISH,46.00,false,83.5300,99.4900,2026-06-11T04:00:00Z,2026-08-05T04:00:00Z,89.6267,91.5100,109.3533,89.6267,91.5100,89.0800,98.5500,87.9133,98.5500,109.3533,ENGINE_ASSESSMENT,ST2,true,swing_trade_st2|support_confluence|spot_in_zone|swing_trade_entry_trigger_pending|entry_rejection_pending|entry_vwap_gate_pending|entry_session_rvol_pending|recovery_observation_watching,0,0,0,SUPPORT,89.0800,1,BUILDING,LONG,false,false,false,structural_chain_rebased|manual_monitor_only|g0_structure_building|trade_side:LONG|active_level:1:SUPPORT,SUPPORT,89.0800,SIN_DATO,0,SIN_DATO,0,SIN_DATO,SIN_DATO,SIN_DATO,0,0,0,0,0,0,0,0,SIN_DATO,SIN_DATO,0,SIN_DATO,0,0,0,0,0,SIN_DATO
SW,3,MANUAL,DIARIO FIJO,45.9985,47.4135,44.4100,43.7439,50.0200,50.5200,47.2819,48.1058,60.2465,2026-09-04T20:00:00Z,ALPACA_DIRECTO,48.0255,46.7060,50.0322,2026-08-25T04:00:00Z,2026-07-28T04:00:00Z,WATCH,BULLISH,41.00,false,38.6300,51.9900,2026-06-11T04:00:00Z,2026-07-28T04:00:00Z,43.7335,45.3100,60.2465,43.7335,45.3100,44.4100,50.5200,43.7025,50.5200,60.2465,ENGINE_ASSESSMENT,ST2,true,swing_trade_st2|support_confluence|entry_rejection_pending|entry_vwap_gate_pending|entry_session_rvol_pending|recovery_observation_watching,45.0366,45.5434,44.7831,SUPPORT,45.2900,3,ARMED,LONG,false,false,false,manual_monitor_only|g0_level_armed|trade_side:LONG|active_level:3:SUPPORT,SUPPORT,46.8750,RESISTANCE,48.6500,SUPPORT,45.2900,SWING_DIARIO,FIRST_TOUCH,NONE,46.5135,46.8923,47.3465,45.4523,99.0000,62.6000,10.0000,48.3144,BELOW_ZONE,pivot_daily_358|pivot_daily_366|daily_sma50|weekly_sma10,42.4200,2026-07-21T04:00:00Z,51.9900,22.5601,0,0,0,key_support_first_touch
NLY,3,MANUAL,DIARIO FIJO,22.6139,22.9298,22.5700,22.2315,23.7400,23.9100,22.7718,23.0438,25.2757,2026-09-04T20:00:00Z,ALPACA_DIRECTO,23.1020,22.9048,23.9670,2026-09-02T04:00:00Z,2026-08-19T04:00:00Z,WATCH,BULLISH,61.00,false,21.7001,23.9100,2026-06-11T04:00:00Z,2026-08-19T04:00:00Z,22.5443,22.8051,25.2757,22.5443,22.8051,22.5700,23.9100,22.4120,23.9100,25.2757,ENGINE_ASSESSMENT,ST2,true,swing_trade_st2|support_confluence|entry_rejection_pending|entry_vwap_gate_pending|entry_session_rvol_pending|recovery_observation_watching,22.3968,22.5032,22.3437,SUPPORT,22.4500,3,EXTENDED,LONG,false,false,false,manual_monitor_only|impulse_extended_awaiting_pullback|trade_side:LONG|active_level:3:SUPPORT,SUPPORT,22.8450,RESISTANCE,23.1300,SUPPORT,22.4500,SIN_DATO,SIN_DATO,SIN_DATO,0,0,0,0,0,0,0,0,SIN_DATO,SIN_DATO,0,SIN_DATO,0,0,0,0,0,SIN_DATO
GGG,3,MANUAL,DIARIO FIJO,76.7911,78.5385,75.8993,74.7608,83.5400,84.3000,77.6648,79.5969,91.5846,2026-09-04T20:00:00Z,ALPACA_DIRECTO,80.3125,78.4052,84.1184,2026-09-02T04:00:00Z,2026-07-28T04:00:00Z,WATCH,BULLISH,41.00,false,72.5127,84.3000,2026-07-09T04:00:00Z,2026-08-11T04:00:00Z,77.0154,78.4064,91.5846,77.0154,78.4064,75.8993,84.3000,75.0256,84.3000,91.5846,ENGINE_ASSESSMENT,ST1,true,swing_trade_st1|spot_in_zone|swing_trade_entry_trigger_pending|entry_rejection_pending|entry_vwap_gate_pending|entry_session_rvol_pending|recovery_observation_watching,0,0,0,RESISTANCE,78.6000,1,BUILDING,SHORT,false,false,false,structural_chain_rebased|manual_monitor_only|g0_structure_building|trade_side:SHORT|active_level:1:RESISTANCE,RESISTANCE,78.6000,SIN_DATO,0,SIN_DATO,0,SIN_DATO,SIN_DATO,SIN_DATO,0,0,0,0,0,0,0,0,SIN_DATO,SIN_DATO,0,SIN_DATO,0,0,0,0,0,SIN_DATO
KWEB,3,MANUAL,DIARIO FIJO,26.3029,26.7322,25.2400,24.8614,29.1200,29.1400,26.5175,26.8468,32.7924,2026-09-04T20:00:00Z,ALPACA_DIRECTO,26.6530,26.7056,28.4272,2026-08-13T04:00:00Z,2026-08-10T04:00:00Z,AVOID,BEARISH,0.00,false,23.2300,29.1400,2026-06-26T04:00:00Z,2026-08-10T04:00:00Z,25.4876,26.1850,32.7924,25.4876,26.1850,25.2400,29.1400,25.0254,29.1400,32.7924,ENGINE_ASSESSMENT,ST1,true,swing_trade_st1|spot_in_zone|swing_trade_entry_trigger_pending|entry_rejection_pending|recovery_observation_watching,0,0,0,SUPPORT,25.2400,2,BUILDING,SHORT,false,false,false,structural_chain_rebased|manual_monitor_only|g0_structure_building|trade_side:SHORT|active_level:2:SUPPORT,RESISTANCE,25.9150,SUPPORT,25.2400,SIN_DATO,0,SWING_DIARIO,SINGLE_SUPPORT_NEARBY,NONE,26.0771,26.1200,26.1629,25.7551,32.0000,0,0,10.2531,BELOW_ZONE,pivot_daily_347,23.2300,2026-06-26T04:00:00Z,29.1400,25.4412,0,0,0,single_support_nearby_without_independent_confluence|informational_only_not_swing_confirmation
WBI,3,MANUAL,DIARIO FIJO,31.7690,32.8897,30.6150,30.1558,32.6900,33.1250,31.9478,32.3293,42.6930,2026-09-04T20:00:00Z,ALPACA_DIRECTO,31.9540,33.0134,36.3184,2026-08-24T04:00:00Z,2026-06-12T04:00:00Z,WATCH,BULLISH,3.00,false,27.5000,36.8900,2026-06-24T04:00:00Z,2026-07-22T04:00:00Z,31.0870,32.1950,42.6930,31.0870,32.1950,30.6150,33.0101,30.0547,33.0101,42.6930,ENGINE_ASSESSMENT,SIN_DATO,false,swing_trade_no_thesis|base_gate_failed|insufficient_reward_risk|entry_rejection_pending|entry_vwap_gate_pending|entry_session_rvol_pending|recovery_observation_watching,0,0,0,RESISTANCE,32.8700,3,ARMED,SHORT,false,false,false,structural_chain_rebased|manual_monitor_only|g0_level_armed|trade_side:SHORT|active_level:3:RESISTANCE,RESISTANCE,32.1999,SUPPORT,31.3801,RESISTANCE,32.8700,SIN_DATO,SIN_DATO,SIN_DATO,0,0,0,0,0,0,0,0,SIN_DATO,SIN_DATO,0,SIN_DATO,0,0,0,0,0,SIN_DATO
SVV,3,MANUAL,DIARIO FIJO,10.1017,10.5060,9.9600,9.8106,12.2900,12.6900,10.2862,10.8951,15.1187,2026-09-04T20:00:00Z,ALPACA_DIRECTO,10.7465,10.3038,11.6988,2026-09-01T04:00:00Z,2026-08-07T04:00:00Z,WATCH,BULLISH,64.00,false,8.7600,12.6900,2026-07-23T04:00:00Z,2026-08-07T04:00:00Z,10.2613,10.7250,15.1187,10.2613,10.7250,9.9600,12.4100,9.7579,12.4100,15.1187,ENGINE_ASSESSMENT,ST1,true,swing_trade_st1|spot_in_zone|swing_trade_entry_trigger_pending|entry_rejection_pending|entry_vwap_gate_pending|entry_session_rvol_pending|recovery_observation_watching,0,0,0,SUPPORT,9.8350,2,BUILDING,SHORT,false,false,false,manual_monitor_only|g0_structure_building|trade_side:SHORT|active_level:2:SUPPORT,RESISTANCE,10.2800,SUPPORT,9.8350,SIN_DATO,0,SIN_DATO,SIN_DATO,SIN_DATO,0,0,0,0,0,0,0,0,SIN_DATO,SIN_DATO,0,SIN_DATO,0,0,0,0,0,SIN_DATO
MCHB,3,MANUAL,DIARIO FIJO,15.6081,15.9185,15.4850,15.2527,17.1700,17.3750,15.7633,16.4587,19.1641,2026-09-04T20:00:00Z,ALPACA_DIRECTO,16.3498,16.2699,16.9396,2026-09-01T04:00:00Z,2026-08-03T04:00:00Z,WATCH,BULLISH,64.00,false,14.4800,17.3750,2026-06-17T04:00:00Z,2026-08-13T04:00:00Z,15.5859,15.9275,19.1641,15.5859,15.9275,15.4850,17.3750,15.3298,17.3750,19.1641,ENGINE_ASSESSMENT,ST1,true,swing_trade_st1|spot_in_zone|swing_trade_entry_trigger_pending|entry_rejection_pending|entry_vwap_gate_pending|entry_session_rvol_pending|recovery_observation_watching,0,0,0,SUPPORT,15.7050,2,BUILDING,SHORT,false,false,false,structural_chain_rebased|manual_monitor_only|g0_structure_building|trade_side:SHORT|active_level:2:SUPPORT,RESISTANCE,15.8700,SUPPORT,15.7050,SIN_DATO,0,SIN_DATO,SIN_DATO,SIN_DATO,0,0,0,0,0,0,0,0,SIN_DATO,SIN_DATO,0,SIN_DATO,0,0,0,0,0,SIN_DATO
UMAC,3,MANUAL,DIARIO FIJO,22.7581,25.0551,22.2900,21.9557,34.0600,34.9264,23.9066,27.9090,46.7589,2026-09-04T20:00:00Z,ALPACA_DIRECTO,26.2555,22.8724,27.4286,2026-09-02T04:00:00Z,2026-08-14T04:00:00Z,WATCH,BULLISH,50.00,false,15.7800,34.9264,2026-07-17T04:00:00Z,2026-08-14T04:00:00Z,23.0939,25.3532,46.7589,23.0939,25.3532,22.2900,34.9264,21.1415,34.9264,46.7589,ENGINE_ASSESSMENT,ST1,true,swing_trade_st1|spot_in_zone|swing_trade_entry_trigger_pending|entry_rejection_pending|entry_session_rvol_pending|recovery_observation_watching,21.9648,22.6152,21.6396,SUPPORT,22.2900,3,ARMED,LONG,false,false,false,structural_chain_rebased|manual_monitor_only|g0_level_armed|trade_side:LONG|active_level:3:SUPPORT,SUPPORT,22.9200,RESISTANCE,24.3300,SUPPORT,22.2900,SWING_DIARIO,BASE_BUILDING,NONE,22.0603,22.9851,23.6397,20.3376,99.0000,64.6000,25.0000,63.9744,ABOVE_ZONE,pivot_daily_357|pivot_daily_376|daily_sma50|weekly_sma10,23.4100,2026-08-06T04:00:00Z,34.9264,49.1944,0,0,0,consolidation_above_key_support|base_requires_breakout_confirmation
HYMC,3,MANUAL,DIARIO FIJO,21.7337,23.7390,21.5100,21.1874,27.9000,29.7700,22.7363,25.4336,37.0327,2026-09-04T20:00:00Z,ALPACA_DIRECTO,25.4433,23.0980,25.6952,2026-09-01T04:00:00Z,2026-08-11T04:00:00Z,WATCH,BULLISH,30.00,false,18.0180,29.7700,2026-07-17T04:00:00Z,2026-08-12T04:00:00Z,22.5073,23.8940,37.0327,22.5073,23.8940,21.5100,29.7700,20.5074,29.7700,37.0327,ENGINE_ASSESSMENT,ST1,true,swing_trade_st1|spot_in_zone|swing_trade_entry_trigger_pending|entry_rejection_pending|entry_vwap_gate_pending|recovery_observation_watching,0,0,0,SUPPORT,18.6000,2,BUILDING,SHORT,false,false,false,manual_monitor_only|g0_structure_building|trade_side:SHORT|active_level:2:SUPPORT,RESISTANCE,20.1700,SUPPORT,18.6000,SIN_DATO,0,SIN_DATO,SIN_DATO,SIN_DATO,0,0,0,0,0,0,0,0,SIN_DATO,SIN_DATO,0,SIN_DATO,0,0,0,0,0,SIN_DATO
ABVX,3,MANUAL,DIARIO FIJO,111.6461,115.3472,110.2200,108.5667,130.9300,133.5200,113.4966,128.0898,193.2114,2026-09-04T20:00:00Z,ALPACA_DIRECTO,117.8585,125.1534,126.9816,2026-09-01T04:00:00Z,2026-07-02T04:00:00Z,AVOID,BEARISH,0.00,false,74.7900,147.9800,2026-06-24T04:00:00Z,2026-07-06T04:00:00Z,102.7486,111.3850,193.2114,102.7486,111.3850,110.2200,130.5000,108.3695,130.5000,193.2114,ENGINE_ASSESSMENT,ST2,true,swing_trade_st2|support_confluence|entry_rejection_pending|entry_vwap_gate_pending|entry_session_rvol_pending|recovery_observation_watching,0,0,0,SUPPORT,110.2200,2,BUILDING,SHORT,false,false,false,structural_chain_rebased|manual_monitor_only|g0_structure_building|trade_side:SHORT|active_level:2:SUPPORT,RESISTANCE,114.3300,SUPPORT,110.2200,SIN_DATO,0,SIN_DATO,SIN_DATO,SIN_DATO,0,0,0,0,0,0,0,0,SIN_DATO,SIN_DATO,0,SIN_DATO,0,0,0,0,0,SIN_DATO
SHW,3,MANUAL,DIARIO FIJO,324.1665,331.3935,327.7800,322.8633,369.7300,372.1600,341.7740,350.8100,416.0751,2026-09-04T20:00:00Z,ALPACA_DIRECTO,347.6100,343.0074,355.1334,2026-08-20T04:00:00Z,2026-08-05T04:00:00Z,WATCH,BULLISH,26.00,false,301.1000,372.1600,2026-07-23T04:00:00Z,2026-08-07T04:00:00Z,328.2449,336.6300,416.0751,328.2449,336.6300,327.7800,368.3200,324.1665,368.3200,416.0751,ENGINE_ASSESSMENT,ST2,true,swing_trade_st2|support_confluence|spot_in_zone|swing_trade_entry_trigger_pending|entry_vwap_gate_pending|entry_session_rvol_pending|recovery_observation_watching,0,0,0,RESISTANCE,336.0700,1,BUILDING,SHORT,false,false,false,structural_chain_rebased|manual_monitor_only|g0_structure_building|trade_side:SHORT|active_level:1:RESISTANCE,RESISTANCE,336.0700,SIN_DATO,0,SIN_DATO,0,SIN_DATO,SIN_DATO,SIN_DATO,0,0,0,0,0,0,0,0,SIN_DATO,SIN_DATO,0,SIN_DATO,0,0,0,0,0,SIN_DATO
SILC,3,MANUAL,DIARIO FIJO,41.1120,44.5118,38.5600,38.2200,49.5000,52.0400,42.8825,45.1208,0,2026-09-04T20:00:00Z,ALPACA_DIRECTO,43.7545,42.8119,47.0700,2026-08-21T04:00:00Z,2026-08-14T04:00:00Z,AVOID,BEARISH,35.00,true,0,0,SIN_DATO,SIN_DATO,0,0,0,0,0,0,0,0,0,0,ENGINE_REJECTED,SIN_DATO,SIN_DATO,SwingTrade LONG impulse requires low before high,33.2866,34.7134,32.5732,SUPPORT,34.0000,3,EXTENDED,LONG,false,false,false,manual_monitor_only|impulse_extended_awaiting_pullback|trade_side:LONG|active_level:3:SUPPORT,SUPPORT,37.7215,RESISTANCE,48.0000,SUPPORT,34.0000,SWING_DIARIO,LIQUIDITY_SWEEP,NONE,41.8079,42.8128,43.7344,39.2581,89.0000,63.6000,45.0000,58.7719,BELOW_ZONE,daily_sma50|weekly_sma10|fib_0618|fib_0786,35.6200,2026-08-03T04:00:00Z,52.0400,46.0977,44.2700,43.3944,42.1479,liquidity_sweep_waiting_for_reclaim
BXP,3,MANUAL,DIARIO FIJO,66.8792,68.4910,66.5500,65.5518,72.1300,72.2500,67.6851,69.4299,82.3436,2026-09-04T20:00:00Z,ALPACA_DIRECTO,68.3150,68.6312,72.0564,2026-09-02T04:00:00Z,2026-07-29T04:00:00Z,WATCH,BULLISH,18.00,false,62.9600,74.9400,2026-06-17T04:00:00Z,2026-07-29T04:00:00Z,67.5364,68.9500,82.3436,67.5364,68.9500,66.1650,72.2500,65.3591,72.2500,82.3436,ENGINE_ASSESSMENT,ST1,true,swing_trade_st1|spot_in_zone|swing_trade_entry_trigger_pending|entry_rejection_pending|entry_vwap_gate_pending|entry_session_rvol_pending|recovery_observation_watching,0,0,0,RESISTANCE,74.9400,2,BUILDING,LONG,false,false,false,manual_monitor_only|g0_structure_building|trade_side:LONG|active_level:2:RESISTANCE,SUPPORT,68.3800,RESISTANCE,74.9400,SIN_DATO,0,SWING_DIARIO,FIRST_TOUCH,NONE,65.9178,66.3800,67.1021,64.7090,100.0000,65.0000,10.0000,53.2787,ABOVE_ZONE,pivot_daily_361|pivot_daily_365|pivot_daily_376|pivot_weekly_414|weekly_sma200,63.4050,2026-06-24T04:00:00Z,74.9400,18.1926,69.2075,68.4895,67.4672,key_support_first_touch
ACVA,3,MANUAL,DIARIO FIJO,7.1732,7.5289,6.6000,6.5010,8.2700,8.3550,7.4257,7.4793,9.8984,2026-09-04T20:00:00Z,ALPACA_DIRECTO,7.3510,7.4266,7.9680,2026-08-11T04:00:00Z,2026-07-28T04:00:00Z,WATCH,BULLISH,0.00,false,5.9100,8.3750,2026-06-11T04:00:00Z,2026-07-29T04:00:00Z,6.8516,7.1425,9.8984,6.8516,7.1425,6.6000,8.3550,6.4222,8.3550,9.8984,ENGINE_ASSESSMENT,ST1,true,swing_trade_st1|spot_in_zone|swing_trade_entry_trigger_pending|entry_rejection_pending|entry_vwap_gate_pending|entry_session_rvol_pending|recovery_observation_watching,6.6024,6.7376,6.5347,SUPPORT,6.6700,3,ARMED,LONG,false,false,false,manual_monitor_only|g0_level_armed|trade_side:LONG|active_level:3:SUPPORT,SUPPORT,7.6000,RESISTANCE,8.0800,SUPPORT,6.6700,SIN_DATO,SIN_DATO,SIN_DATO,0,0,0,0,0,0,0,0,SIN_DATO,SIN_DATO,0,SIN_DATO,0,0,0,0,0,SIN_DATO
AMRX,3,MANUAL,DIARIO FIJO,16.9275,17.4226,17.1750,16.9174,18.4200,18.7600,17.7775,18.0146,21.6887,2026-09-04T20:00:00Z,ALPACA_DIRECTO,17.8175,17.7646,18.5302,2026-08-31T04:00:00Z,2026-07-29T04:00:00Z,WATCH,BULLISH,21.00,false,15.3300,19.2600,2026-06-11T04:00:00Z,2026-07-29T04:00:00Z,16.8313,17.2950,21.6887,16.8313,17.2950,16.7700,18.7600,16.5225,18.7600,21.6887,ENGINE_ASSESSMENT,SIN_DATO,false,swing_trade_no_thesis|support_confluence|base_gate_failed|insufficient_reward_risk|entry_rejection_pending|entry_session_rvol_pending|recovery_observation_watching,0,0,0,RESISTANCE,19.1500,2,BUILDING,LONG,false,false,false,manual_monitor_only|g0_structure_building|trade_side:LONG|active_level:2:RESISTANCE,SUPPORT,17.6500,RESISTANCE,19.1500,SIN_DATO,0,SIN_DATO,SIN_DATO,SIN_DATO,0,0,0,0,0,0,0,0,SIN_DATO,SIN_DATO,0,SIN_DATO,0,0,0,0,0,SIN_DATO
NEXA,3,MANUAL,DIARIO FIJO,13.5509,14.4291,13.1000,12.9035,15.8200,15.9500,13.5028,13.9900,18.6507,2026-09-04T20:00:00Z,ALPACA_DIRECTO,14.2745,13.5798,15.6230,2026-09-01T04:00:00Z,2026-08-25T04:00:00Z,WATCH,BULLISH,64.00,false,11.5800,15.9500,2026-07-01T04:00:00Z,2026-08-26T04:00:00Z,13.2493,13.7650,18.6507,13.2493,13.7650,13.1000,15.9500,12.6609,15.9500,18.6507,ENGINE_ASSESSMENT,ST2,true,swing_trade_st2|support_confluence|entry_session_rvol_pending|recovery_observation_watching,0,0,0,SUPPORT,13.2200,2,BUILDING,SHORT,false,false,false,structural_chain_rebased|manual_monitor_only|g0_structure_building|trade_side:SHORT|active_level:2:SUPPORT,RESISTANCE,13.5700,SUPPORT,13.2200,SIN_DATO,0,SIN_DATO,SIN_DATO,SIN_DATO,0,0,0,0,0,0,0,0,SIN_DATO,SIN_DATO,0,SIN_DATO,0,0,0,0,0,SIN_DATO
OTTR,3,MANUAL,DIARIO FIJO,89.7664,91.3189,88.4450,87.1183,94.2800,95.0900,90.5426,0,101.9436,2026-09-04T20:00:00Z,ALPACA_DIRECTO,91.4925,91.1938,95.3434,2026-08-21T04:00:00Z,SIN_DATO,WATCH,BULLISH,35.00,false,84.0000,95.0900,2026-08-04T04:00:00Z,2026-08-11T04:00:00Z,88.2364,89.5450,101.9436,88.2364,89.5450,88.4450,95.0900,87.6688,95.0900,101.9436,ENGINE_ASSESSMENT,ST2,true,swing_trade_st2|support_confluence|entry_rejection_pending|entry_session_rvol_pending|recovery_observation_watching,0,0,0,RESISTANCE,94.3000,2,BUILDING,LONG,false,false,false,manual_monitor_only|g0_structure_building|trade_side:LONG|active_level:2:RESISTANCE,SUPPORT,90.1500,RESISTANCE,94.3000,SIN_DATO,0,SIN_DATO,SIN_DATO,SIN_DATO,0,0,0,0,0,0,0,0,SIN_DATO,SIN_DATO,0,SIN_DATO,0,0,0,0,0,SIN_DATO
WST,3,MANUAL,DIARIO FIJO,337.3874,344.5872,335.5100,330.4774,354.0700,360.2850,340.9873,349.6527,425.5891,2026-09-04T20:00:00Z,ALPACA_DIRECTO,347.2290,350.1190,358.9552,2026-08-31T04:00:00Z,2026-07-01T04:00:00Z,WATCH,BULLISH,4.00,false,321.9400,386.0000,2026-06-17T04:00:00Z,2026-07-23T04:00:00Z,346.4109,353.9700,425.5891,346.4109,353.9700,335.5100,360.2850,331.9101,360.2850,425.5891,ENGINE_ASSESSMENT,SIN_DATO,false,swing_trade_no_thesis|base_gate_failed|entry_rejection_pending|entry_vwap_gate_pending|entry_session_rvol_pending|recovery_observation_watching,0,0,0,SUPPORT,330.6900,2,BUILDING,SHORT,false,false,false,manual_monitor_only|g0_structure_building|trade_side:SHORT|active_level:2:SUPPORT,RESISTANCE,339.6100,SUPPORT,330.6900,SIN_DATO,0,SIN_DATO,SIN_DATO,SIN_DATO,0,0,0,0,0,0,0,0,SIN_DATO,SIN_DATO,0,SIN_DATO,0,0,0,0,0,SIN_DATO
APPS,3,MANUAL,DIARIO FIJO,10.3940,11.0672,9.7500,9.6038,14.3900,15.3350,10.3908,12.0590,19.9638,2026-09-04T20:00:00Z,ALPACA_DIRECTO,11.4565,10.7306,12.9224,2026-09-02T04:00:00Z,2026-08-06T04:00:00Z,WATCH,BULLISH,46.00,false,7.8450,15.3350,2026-07-31T04:00:00Z,2026-08-07T04:00:00Z,10.7062,11.5900,19.9638,10.7062,11.5900,9.7500,15.0600,9.4134,15.0600,19.9638,ENGINE_ASSESSMENT,ST1,true,swing_trade_st1|spot_in_zone|swing_trade_entry_trigger_pending|entry_rejection_pending|entry_session_rvol_pending|recovery_observation_watching,0,0,0,RESISTANCE,11.0000,1,BUILDING,SHORT,false,false,false,structural_chain_rebased|manual_monitor_only|g0_structure_building|trade_side:SHORT|active_level:1:RESISTANCE,RESISTANCE,11.0000,SIN_DATO,0,SIN_DATO,0,SWING_DIARIO,LIQUIDITY_SWEEP,NONE,10.6633,10.7436,10.8238,10.1584,51.0000,48.4000,0.0000,34.7900,IN_ZONE,daily_sma50|weekly_sma10,7.8450,2026-07-31T04:00:00Z,15.3350,95.4748,0,0,0,liquidity_sweep_waiting_for_reclaim
TSAT,3,MANUAL,DIARIO FIJO,43.2828,45.9074,41.7350,41.1090,61.4000,61.5399,44.5951,47.1147,78.4730,2026-09-04T20:00:00Z,ALPACA_DIRECTO,47.3405,44.4342,52.5270,2026-09-02T04:00:00Z,2026-08-12T04:00:00Z,WATCH,BULLISH,46.00,false,34.1400,61.5399,2026-07-29T04:00:00Z,2026-08-12T04:00:00Z,44.6068,47.8400,78.4730,44.6068,47.8400,41.7350,61.5399,40.4227,61.5399,78.4730,ENGINE_ASSESSMENT,ST1,true,swing_trade_st1|spot_in_zone|swing_trade_entry_trigger_pending|entry_rejection_pending|entry_vwap_gate_pending|entry_session_rvol_pending|recovery_observation_watching,0,0,0,SUPPORT,42.4200,2,BUILDING,SHORT,false,false,false,structural_chain_rebased|manual_monitor_only|g0_structure_building|trade_side:SHORT|active_level:2:SUPPORT,RESISTANCE,43.9999,SUPPORT,42.4200,SIN_DATO,0,SIN_DATO,SIN_DATO,SIN_DATO,0,0,0,0,0,0,0,0,SIN_DATO,SIN_DATO,0,SIN_DATO,0,0,0,0,0,SIN_DATO
IRDM,3,MANUAL,DIARIO FIJO,46.5327,47.4586,46.1400,45.4479,50.2000,50.9700,46.9956,49.0817,67.4264,2026-09-04T20:00:00Z,ALPACA_DIRECTO,48.2110,48.6020,50.8542,2026-09-01T04:00:00Z,2026-07-01T04:00:00Z,AVOID,BEARISH,0.00,false,40.6000,57.1800,2026-06-25T04:00:00Z,2026-07-02T04:00:00Z,46.9336,48.8900,67.4264,46.9336,48.8900,46.1400,50.9700,45.6771,50.9700,67.4264,ENGINE_ASSESSMENT,ST1,true,swing_trade_st1|spot_in_zone|swing_trade_entry_trigger_pending|entry_session_rvol_pending|recovery_observation_watching,0,0,0,SUPPORT,46.6650,2,BUILDING,SHORT,false,false,false,manual_monitor_only|g0_structure_building|trade_side:SHORT|active_level:2:SUPPORT,RESISTANCE,48.1800,SUPPORT,46.6650,SIN_DATO,0,SWING_DIARIO,SINGLE_SUPPORT_NEARBY,NONE,46.0474,46.1400,46.2326,45.3530,32.0000,0,0,0.0000,ABOVE_ZONE,pivot_daily_375,44.2100,2026-07-28T04:00:00Z,50.9700,15.2907,0,0,0,single_support_nearby_without_independent_confluence|informational_only_not_swing_confirmation
ARQQ,3,MANUAL,DIARIO FIJO,20.7004,22.3038,18.6000,18.3210,24.3900,24.9000,20.5380,21.5021,42.2338,2026-09-04T20:00:00Z,ALPACA_DIRECTO,21.6245,20.7197,27.4980,2026-09-02T04:00:00Z,2026-08-11T04:00:00Z,WATCH,BULLISH,51.00,false,12.7700,30.9800,2026-06-11T04:00:00Z,2026-07-01T04:00:00Z,19.7262,21.8750,42.2338,19.7262,21.8750,18.6000,24.9000,17.7983,24.9000,42.2338,ENGINE_ASSESSMENT,SIN_DATO,false,swing_trade_no_thesis|spot_in_zone|base_gate_failed|insufficient_reward_risk|swing_trade_entry_trigger_pending|entry_session_rvol_pending|recovery_observation_watching,0,0,0,RESISTANCE,21.9500,3,ARMED,SHORT,false,false,false,structural_chain_rebased|manual_monitor_only|g0_level_armed|trade_side:SHORT|active_level:3:RESISTANCE,RESISTANCE,20.9900,SUPPORT,20.1300,RESISTANCE,21.9500,SIN_DATO,SIN_DATO,SIN_DATO,0,0,0,0,0,0,0,0,SIN_DATO,SIN_DATO,0,SIN_DATO,0,0,0,0,0,SIN_DATO
IGLD,3,MANUAL,DIARIO FIJO,21.1388,21.5635,21.0000,20.6850,22.9300,22.9300,21.3154,22.0591,24.6048,2026-09-04T20:00:00Z,ALPACA_DIRECTO,22.0083,21.3511,23.1600,2026-09-01T04:00:00Z,2026-08-21T04:00:00Z,WATCH,BULLISH,64.00,false,20.2200,22.9300,2026-08-03T04:00:00Z,2026-08-25T04:00:00Z,21.2552,21.5750,24.6048,21.2552,21.5750,21.0000,22.9300,20.7876,22.9300,24.6048,ENGINE_ASSESSMENT,ST1,true,swing_trade_st1|spot_in_zone|swing_trade_entry_trigger_pending|entry_rejection_pending|entry_session_rvol_pending|recovery_observation_watching,0,0,0,SUPPORT,21.2100,2,BUILDING,SHORT,false,false,false,structural_chain_rebased|manual_monitor_only|g0_structure_building|trade_side:SHORT|active_level:2:SUPPORT,RESISTANCE,21.3715,SUPPORT,21.2100,SIN_DATO,0,SIN_DATO,SIN_DATO,SIN_DATO,0,0,0,0,0,0,0,0,SIN_DATO,SIN_DATO,0,SIN_DATO,0,0,0,0,0,SIN_DATO
CZR,3,MANUAL,DIARIO FIJO,29.6412,29.7394,29.6000,29.1560,30.1500,30.2000,29.6903,29.9251,31.8497,2026-09-04T20:00:00Z,ALPACA_DIRECTO,29.6950,29.8606,30.7130,2026-08-31T04:00:00Z,2026-06-25T04:00:00Z,WATCH,BULLISH,4.00,false,29.1800,30.8300,2026-06-17T04:00:00Z,2026-06-25T04:00:00Z,29.8103,30.0050,31.8497,29.8103,30.0050,29.5700,30.2000,29.5209,30.2000,31.8497,ENGINE_ASSESSMENT,SIN_DATO,false,swing_trade_no_thesis|base_gate_failed|entry_rejection_pending|entry_session_rvol_pending|recovery_observation_watching,0,0,0,RESISTANCE,30.2000,2,BUILDING,LONG,false,false,false,manual_monitor_only|g0_structure_building|trade_side:LONG|active_level:2:RESISTANCE,SUPPORT,29.6200,RESISTANCE,30.2000,SIN_DATO,0,SWING_DIARIO,SINGLE_SUPPORT_NEARBY,NONE,29.6102,29.6200,29.6298,29.5365,32.0000,0,0,0.0000,ABOVE_ZONE,pivot_daily_371,0,SIN_DATO,0,0,0,0,0,single_support_nearby_without_independent_confluence|informational_only_not_swing_confirmation
PRLB,3,MANUAL,DIARIO FIJO,79.0124,81.8637,76.4000,75.2540,92.3200,93.0000,79.1164,84.1055,106.5897,2026-09-04T20:00:00Z,ALPACA_DIRECTO,83.1250,80.4380,93.8120,2026-08-24T04:00:00Z,2026-08-05T04:00:00Z,WATCH,BULLISH,41.00,false,71.0102,93.0000,2026-07-08T04:00:00Z,2026-08-14T04:00:00Z,79.4103,82.0051,106.5897,79.4103,82.0051,76.4000,93.0000,74.9744,93.0000,106.5897,ENGINE_ASSESSMENT,ST1,true,swing_trade_st1|spot_in_zone|swing_trade_entry_trigger_pending|entry_rejection_pending|entry_vwap_gate_pending|entry_session_rvol_pending|recovery_observation_watching,0,0,0,SUPPORT,77.9200,1,BUILDING,LONG,false,false,false,structural_chain_rebased|manual_monitor_only|g0_structure_building|trade_side:LONG|active_level:1:SUPPORT,SUPPORT,77.9200,SIN_DATO,0,SIN_DATO,0,SIN_DATO,SIN_DATO,SIN_DATO,0,0,0,0,0,0,0,0,SIN_DATO,SIN_DATO,0,SIN_DATO,0,0,0,0,0,SIN_DATO
CNS,3,MANUAL,DIARIO FIJO,79.7347,82.2225,76.8250,75.6726,85.6500,86.5600,78.3417,82.2358,95.0884,2026-09-04T20:00:00Z,ALPACA_DIRECTO,82.0170,80.9786,88.5048,2026-09-02T04:00:00Z,2026-07-17T04:00:00Z,WATCH,BULLISH,51.00,false,72.7600,86.5600,2026-07-17T04:00:00Z,2026-08-11T04:00:00Z,78.0316,79.6600,95.0884,78.0316,79.6600,76.8250,86.5600,75.5811,86.5600,95.0884,ENGINE_ASSESSMENT,ST1,true,swing_trade_st1|entry_rejection_pending|entry_vwap_gate_pending|entry_session_rvol_pending|recovery_observation_watching,0,0,0,SUPPORT,76.8700,2,BUILDING,SHORT,false,false,false,structural_chain_rebased|manual_monitor_only|g0_structure_building|trade_side:SHORT|active_level:2:SUPPORT,RESISTANCE,78.6400,SUPPORT,76.8700,SIN_DATO,0,SIN_DATO,SIN_DATO,SIN_DATO,0,0,0,0,0,0,0,0,SIN_DATO,SIN_DATO,0,SIN_DATO,0,0,0,0,0,SIN_DATO
OLMA,3,MANUAL,DIARIO FIJO,10.5050,10.9771,10.0859,9.9346,12.0500,12.2099,10.6021,0,15.5805,2026-09-04T20:00:00Z,ALPACA_DIRECTO,10.7410,11.3998,12.3658,2026-08-31T04:00:00Z,SIN_DATO,WATCH,BULLISH,13.00,false,9.0600,13.0900,2026-06-18T04:00:00Z,2026-07-07T04:00:00Z,10.5995,11.0750,15.5805,10.5995,11.0750,9.7000,12.1950,9.4640,12.1950,15.5805,ENGINE_ASSESSMENT,SIN_DATO,false,swing_trade_no_thesis|spot_in_zone|base_gate_failed|insufficient_reward_risk|swing_trade_entry_trigger_pending|entry_rejection_pending|entry_vwap_gate_pending|entry_session_rvol_pending|recovery_observation_watching,0,0,0,RESISTANCE,12.2100,2,BUILDING,LONG,false,false,false,manual_monitor_only|g0_structure_building|trade_side:LONG|active_level:2:RESISTANCE,SUPPORT,11.1500,RESISTANCE,12.2100,SIN_DATO,0,SIN_DATO,SIN_DATO,SIN_DATO,0,0,0,0,0,0,0,0,SIN_DATO,SIN_DATO,0,SIN_DATO,0,0,0,0,0,SIN_DATO
PONY,3,MANUAL,DIARIO FIJO,7.1796,7.6394,6.7300,6.6291,8.4700,8.6250,7.1179,7.6742,0,2026-09-04T20:00:00Z,ALPACA_DIRECTO,7.7153,7.4095,8.7768,2026-09-02T04:00:00Z,2026-08-10T04:00:00Z,WATCH,BULLISH,41.00,false,0,0,SIN_DATO,SIN_DATO,0,0,0,0,0,0,0,0,0,0,ENGINE_REJECTED,SIN_DATO,SIN_DATO,SwingTrade LONG impulse requires low before high,0,0,0,SUPPORT,7.1810,2,BUILDING,SHORT,false,false,false,structural_chain_rebased|manual_monitor_only|g0_structure_building|trade_side:SHORT|active_level:2:SUPPORT,RESISTANCE,7.2500,SUPPORT,7.1810,SIN_DATO,0,SIN_DATO,SIN_DATO,SIN_DATO,0,0,0,0,0,0,0,0,SIN_DATO,SIN_DATO,0,SIN_DATO,0,0,0,0,0,SIN_DATO
FTNT,3,MANUAL,DIARIO FIJO,152.1290,159.2235,149.5000,147.2575,172.7800,173.8899,155.6762,163.7712,195.2077,2026-09-04T20:00:00Z,ALPACA_DIRECTO,159.2670,158.7772,174.3250,2026-09-02T04:00:00Z,2026-08-27T04:00:00Z,WATCH,BULLISH,48.00,false,139.3950,173.8899,2026-06-11T04:00:00Z,2026-08-27T04:00:00Z,152.5721,156.6425,195.2077,152.5721,156.6425,148.2500,173.8899,144.7028,173.8899,195.2077,ENGINE_ASSESSMENT,ST1,true,swing_trade_st1|spot_in_zone|swing_trade_entry_trigger_pending|entry_rejection_pending|entry_session_rvol_pending|recovery_observation_watching,0,0,0,SUPPORT,143.7700,2,BUILDING,SHORT,false,false,false,manual_monitor_only|g0_structure_building|trade_side:SHORT|active_level:2:SUPPORT,RESISTANCE,153.2400,SUPPORT,143.7700,SIN_DATO,0,SIN_DATO,SIN_DATO,SIN_DATO,0,0,0,0,0,0,0,0,SIN_DATO,SIN_DATO,0,SIN_DATO,0,0,0,0,0,SIN_DATO
ALNT,3,MANUAL,DIARIO FIJO,92.0428,97.2012,85.9700,84.6805,114.2800,118.6700,89.5576,103.1860,143.5692,2026-09-04T20:00:00Z,ALPACA_DIRECTO,100.1485,94.6220,114.5290,2026-09-01T04:00:00Z,2026-08-06T04:00:00Z,WATCH,BULLISH,41.00,false,78.3800,118.6700,2026-07-29T04:00:00Z,2026-08-11T04:00:00Z,93.7708,98.5250,143.5692,93.7708,98.5250,85.9700,118.6700,83.3908,118.6700,143.5692,ENGINE_ASSESSMENT,ST1,true,swing_trade_st1|spot_in_zone|swing_trade_entry_trigger_pending|entry_rejection_pending|entry_session_rvol_pending|recovery_observation_watching,0,0,0,SUPPORT,86.4900,2,BUILDING,SHORT,false,false,false,structural_chain_rebased|manual_monitor_only|g0_structure_building|trade_side:SHORT|active_level:2:SUPPORT,RESISTANCE,89.0400,SUPPORT,86.4900,SIN_DATO,0,SIN_DATO,SIN_DATO,SIN_DATO,0,0,0,0,0,0,0,0,SIN_DATO,SIN_DATO,0,SIN_DATO,0,0,0,0,0,SIN_DATO
CWK,3,MANUAL,DIARIO FIJO,13.4352,14.0400,13.0300,12.8346,15.3700,15.6600,13.4265,14.2447,17.8230,2026-09-04T20:00:00Z,ALPACA_DIRECTO,14.1030,13.7376,15.3108,2026-09-02T04:00:00Z,2026-08-19T04:00:00Z,WATCH,BULLISH,46.00,false,12.1600,15.6600,2026-07-23T04:00:00Z,2026-08-19T04:00:00Z,13.4970,13.9100,17.8230,13.4970,13.9100,13.0300,15.6600,12.7276,15.6600,17.8230,ENGINE_ASSESSMENT,ST1,true,swing_trade_st1|spot_in_zone|swing_trade_entry_trigger_pending|entry_session_rvol_pending|recovery_observation_watching,0,0,0,SUPPORT,13.0300,1,BUILDING,LONG,false,false,false,structural_chain_rebased|manual_monitor_only|g0_structure_building|trade_side:LONG|active_level:1:SUPPORT,SUPPORT,13.0300,SIN_DATO,0,SIN_DATO,0,SIN_DATO,SIN_DATO,SIN_DATO,0,0,0,0,0,0,0,0,SIN_DATO,SIN_DATO,0,SIN_DATO,0,0,0,0,0,SIN_DATO
PNFP,3,MANUAL,DIARIO FIJO,98.4396,100.8811,96.7105,95.2598,108.0100,108.4000,99.6603,103.5132,121.8186,2026-09-04T20:00:00Z,ALPACA_DIRECTO,102.7630,102.3398,112.4804,2026-09-01T04:00:00Z,2026-08-04T04:00:00Z,WATCH,BULLISH,27.00,false,91.7400,110.3300,2026-06-11T04:00:00Z,2026-08-04T04:00:00Z,98.8414,101.0350,121.8186,98.8414,101.0350,96.7105,108.4000,95.4898,108.4000,121.8186,ENGINE_ASSESSMENT,SIN_DATO,false,swing_trade_no_thesis|spot_in_zone|base_gate_failed|insufficient_reward_risk|swing_trade_entry_trigger_pending|entry_rejection_pending|entry_vwap_gate_pending|entry_session_rvol_pending|recovery_observation_watching,0,0,0,SUPPORT,96.7105,2,BUILDING,SHORT,false,false,false,structural_chain_rebased|manual_monitor_only|g0_structure_building|trade_side:SHORT|active_level:2:SUPPORT,RESISTANCE,100.4400,SUPPORT,96.7105,SIN_DATO,0,SWING_DIARIO,REACTION_CONFIRMED,V_RECOVERY,96.3687,96.6580,96.9546,94.5376,79.0000,82.6000,10.0000,28.6442,ABOVE_ZONE,pivot_daily_375|daily_sma200|weekly_sma30,94.3550,2026-07-23T04:00:00Z,110.3300,16.9307,0,0,0,capitulation_v_recovery|reaction_not_yet_trend_reversal
ACHC,3,MANUAL,DIARIO FIJO,27.2310,28.7485,27.3350,26.9250,31.7800,32.8650,27.9897,30.3901,43.4932,2026-09-04T20:00:00Z,ALPACA_DIRECTO,29.1635,30.6086,30.5100,2026-08-31T04:00:00Z,2026-07-21T04:00:00Z,AVOID,BEARISH,19.00,false,23.4300,35.8300,2026-06-17T04:00:00Z,2026-07-22T04:00:00Z,28.1668,29.6300,43.4932,28.1668,29.6300,26.6200,32.8650,25.8613,32.8650,43.4932,ENGINE_ASSESSMENT,SIN_DATO,false,swing_trade_no_thesis|base_gate_failed|entry_rejection_pending|entry_vwap_gate_pending|entry_session_rvol_pending|recovery_observation_watching,0,0,0,RESISTANCE,32.6800,2,BUILDING,LONG,false,false,false,manual_monitor_only|g0_structure_building|trade_side:LONG|active_level:2:RESISTANCE,SUPPORT,31.8100,RESISTANCE,32.6800,SIN_DATO,0,SWING_DIARIO,FIRST_TOUCH,NONE,26.2259,26.5594,26.7718,25.0878,100.0000,73.0000,10.0000,30.1246,ABOVE_ZONE,pivot_daily_368|pivot_weekly_411|pivot_weekly_414|weekly_sma30,26.6200,2026-08-21T04:00:00Z,32.8650,23.4598,29.7425,29.0056,27.9564,key_support_first_touch
CSL,3,MANUAL,DIARIO FIJO,351.1913,362.2459,331.8500,326.8723,389.9600,393.2999,345.0327,360.1500,0,2026-09-04T20:00:00Z,ALPACA_DIRECTO,362.0450,356.7186,402.6154,2026-09-02T04:00:00Z,2026-08-04T04:00:00Z,WATCH,BULLISH,31.00,false,0,0,SIN_DATO,SIN_DATO,0,0,0,0,0,0,0,0,0,0,ENGINE_REJECTED,SIN_DATO,SIN_DATO,SwingTrade LONG impulse requires low before high,0,0,0,SUPPORT,343.5000,2,BUILDING,SHORT,false,false,false,structural_chain_rebased|manual_monitor_only|g0_structure_building|trade_side:SHORT|active_level:2:SUPPORT,RESISTANCE,347.2100,SUPPORT,343.5000,SIN_DATO,0,SWING_DIARIO,FIRST_TOUCH,NONE,350.3011,356.0201,360.0127,342.0101,100.0000,48.0000,0.0000,51.8000,IN_ZONE,daily_sma50|daily_sma200|weekly_sma10|weekly_sma30|fib_0618|fib_0786,320.2300,2026-07-29T04:00:00Z,393.2999,22.8179,361.5475,358.9073,355.1483,key_support_first_touch
UPWK,3,MANUAL,DIARIO FIJO,8.6127,8.9369,8.4238,8.2974,9.8300,9.9100,9.0797,8.9768,11.2263,2026-09-04T20:00:00Z,ALPACA_DIRECTO,8.7748,8.9689,9.7602,2026-08-31T04:00:00Z,2026-07-28T04:00:00Z,WATCH,BULLISH,18.00,false,7.7800,9.9100,2026-06-22T04:00:00Z,2026-08-10T04:00:00Z,8.5937,8.8450,11.2263,8.5937,8.8450,7.9000,9.9100,7.7379,9.9100,11.2263,ENGINE_ASSESSMENT,SIN_DATO,false,swing_trade_no_thesis|spot_in_zone|base_gate_failed|insufficient_reward_risk|swing_trade_entry_trigger_pending|entry_rejection_pending|entry_vwap_gate_pending|entry_session_rvol_pending|recovery_observation_watching,0,0,0,RESISTANCE,9.9100,4,BUILDING,LONG,false,false,false,manual_monitor_only|g0_structure_building|trade_side:LONG|active_level:4:RESISTANCE,SUPPORT,9.3000,RESISTANCE,9.6200,SUPPORT,8.8400,SIN_DATO,SIN_DATO,SIN_DATO,0,0,0,0,0,0,0,0,SIN_DATO,SIN_DATO,0,SIN_DATO,0,0,0,0,0,SIN_DATO
NBTX,3,MANUAL,DIARIO FIJO,36.8260,40.0340,38.4300,37.8536,45.3900,46.6900,40.1242,41.9159,55.9476,2026-09-04T20:00:00Z,ALPACA_DIRECTO,40.9515,39.6722,40.9853,2026-09-01T04:00:00Z,2026-08-17T04:00:00Z,WATCH,BULLISH,57.00,false,31.7100,46.6900,2026-06-11T04:00:00Z,2026-08-27T04:00:00Z,37.4324,39.2000,55.9476,37.4324,39.2000,35.4100,46.6900,33.8060,46.6900,55.9476,ENGINE_ASSESSMENT,ST1,true,swing_trade_st1|spot_in_zone|swing_trade_entry_trigger_pending|entry_rejection_pending|entry_session_rvol_pending|recovery_observation_watching,0,0,0,SUPPORT,35.0000,2,BUILDING,SHORT,false,false,false,manual_monitor_only|g0_structure_building|trade_side:SHORT|active_level:2:SUPPORT,RESISTANCE,42.9199,SUPPORT,35.0000,SIN_DATO,0,SIN_DATO,SIN_DATO,SIN_DATO,0,0,0,0,0,0,0,0,SIN_DATO,SIN_DATO,0,SIN_DATO,0,0,0,0,0,SIN_DATO
HFWA,3,MANUAL,DIARIO FIJO,28.9323,29.3844,28.3000,27.8755,29.9800,30.1300,28.9482,29.6916,33.6911,2026-09-04T20:00:00Z,ALPACA_DIRECTO,29.1583,29.5937,32.0890,2026-09-01T04:00:00Z,2026-07-16T04:00:00Z,WATCH,BULLISH,0.00,false,27.3000,31.2500,2026-06-17T04:00:00Z,2026-07-16T04:00:00Z,28.8089,29.2750,33.6911,28.8089,29.2750,28.3000,30.1300,28.0740,30.1300,33.6911,ENGINE_ASSESSMENT,SIN_DATO,false,swing_trade_no_thesis|base_gate_failed|insufficient_reward_risk|entry_session_rvol_pending|recovery_observation_watching,0,0,0,RESISTANCE,30.6250,4,BUILDING,LONG,false,false,false,manual_monitor_only|g0_structure_building|trade_side:LONG|active_level:4:RESISTANCE,SUPPORT,29.6300,RESISTANCE,30.0600,SUPPORT,28.9950,SWING_DIARIO,FIRST_TOUCH,NONE,29.4112,29.5545,29.6389,29.0721,89.0000,58.6000,0.0000,47.6385,BELOW_ZONE,daily_sma50|weekly_sma10|fib_0500|fib_0618,26.6600,2026-06-03T04:00:00Z,31.2500,17.2168,29.5850,29.4564,29.2733,key_support_first_touch
TREX,3,MANUAL,DIARIO FIJO,44.7876,46.4118,42.7300,42.0891,50.0800,50.9600,45.5997,47.6138,56.6827,2026-09-04T20:00:00Z,ALPACA_DIRECTO,47.0325,46.3692,52.6818,2026-08-20T04:00:00Z,2026-08-05T04:00:00Z,WATCH,BULLISH,31.00,false,41.7000,50.9600,2026-07-23T04:00:00Z,2026-08-13T04:00:00Z,45.2373,46.3300,56.6827,45.2373,46.3300,42.7300,50.9600,41.9179,50.9600,56.6827,ENGINE_ASSESSMENT,SIN_DATO,false,swing_trade_no_thesis|spot_in_zone|base_gate_failed|insufficient_reward_risk|swing_trade_entry_trigger_pending|entry_rejection_pending|entry_vwap_gate_pending|entry_session_rvol_pending|recovery_observation_watching,0,0,0,SUPPORT,43.5100,2,BUILDING,SHORT,false,false,false,structural_chain_rebased|manual_monitor_only|g0_structure_building|trade_side:SHORT|active_level:2:SUPPORT,RESISTANCE,44.6350,SUPPORT,43.5100,SIN_DATO,0,SIN_DATO,SIN_DATO,SIN_DATO,0,0,0,0,0,0,0,0,SIN_DATO,SIN_DATO,0,SIN_DATO,0,0,0,0,0,SIN_DATO
IBRX,3,MANUAL,DIARIO FIJO,7.8487,8.2466,7.4600,7.3481,8.4000,8.7600,7.9801,8.0476,0,2026-09-04T20:00:00Z,ALPACA_DIRECTO,7.8980,7.8844,9.5438,2026-09-01T04:00:00Z,2026-08-19T04:00:00Z,WATCH,BULLISH,64.00,false,0,0,SIN_DATO,SIN_DATO,0,0,0,0,0,0,0,0,0,0,ENGINE_REJECTED,SIN_DATO,SIN_DATO,SwingTrade LONG impulse requires low before high,0,0,0,SUPPORT,6.7700,2,BUILDING,SHORT,false,false,false,manual_monitor_only|g0_structure_building|trade_side:SHORT|active_level:2:SUPPORT,RESISTANCE,7.1300,SUPPORT,6.7700,SIN_DATO,0,SIN_DATO,SIN_DATO,SIN_DATO,0,0,0,0,0,0,0,0,SIN_DATO,SIN_DATO,0,SIN_DATO,0,0,0,0,0,SIN_DATO
PFS,3,MANUAL,DIARIO FIJO,23.7231,24.1209,22.9000,22.5565,25.0100,25.1800,23.4111,24.3010,27.4243,2026-09-04T20:00:00Z,ALPACA_DIRECTO,23.9220,23.9814,26.0470,2026-09-01T04:00:00Z,2026-07-30T04:00:00Z,WATCH,BULLISH,0.00,false,22.3600,25.4900,2026-06-17T04:00:00Z,2026-08-04T04:00:00Z,23.5557,23.9250,27.4243,23.5557,23.9250,22.9000,25.1800,22.7011,25.1800,27.4243,ENGINE_ASSESSMENT,SIN_DATO,false,swing_trade_no_thesis|spot_in_zone|base_gate_failed|insufficient_reward_risk|swing_trade_entry_trigger_pending|entry_rejection_pending|entry_vwap_gate_pending|entry_session_rvol_pending|recovery_observation_watching,0,0,0,SUPPORT,23.3600,2,BUILDING,SHORT,false,false,false,structural_chain_rebased|manual_monitor_only|g0_structure_building|trade_side:SHORT|active_level:2:SUPPORT,RESISTANCE,23.6200,SUPPORT,23.3600,SIN_DATO,0,SIN_DATO,SIN_DATO,SIN_DATO,0,0,0,0,0,0,0,0,SIN_DATO,SIN_DATO,0,SIN_DATO,0,0,0,0,0,SIN_DATO
RDN,3,MANUAL,DIARIO FIJO,36.2848,36.8992,35.7400,35.2039,37.2600,37.6800,36.4506,37.7178,45.4625,2026-09-04T20:00:00Z,ALPACA_DIRECTO,36.5920,37.6058,39.6022,2026-09-01T04:00:00Z,2026-06-29T04:00:00Z,AVOID,BEARISH,0.00,false,33.9100,41.0500,2026-06-11T04:00:00Z,2026-07-14T04:00:00Z,36.6375,37.4800,45.4625,36.6375,37.4800,35.7400,37.6800,35.4328,37.6800,45.4625,ENGINE_ASSESSMENT,SIN_DATO,false,swing_trade_no_thesis|spot_in_zone|base_gate_failed|insufficient_reward_risk|swing_trade_entry_trigger_pending|entry_rejection_pending|entry_session_rvol_pending|recovery_observation_watching,0,0,0,RESISTANCE,37.0000,3,ARMED,SHORT,false,false,false,structural_chain_rebased|manual_monitor_only|g0_level_armed|trade_side:SHORT|active_level:3:RESISTANCE,RESISTANCE,36.7900,SUPPORT,36.2300,RESISTANCE,37.0000,SIN_DATO,SIN_DATO,SIN_DATO,0,0,0,0,0,0,0,0,SIN_DATO,SIN_DATO,0,SIN_DATO,0,0,0,0,0,SIN_DATO
FGI,3,MANUAL,DIARIO FIJO,6.8818,7.6725,6.5000,6.4025,11.7200,19.9300,7.2771,12.6141,30.0528,2026-09-04T20:00:00Z,ALPACA_DIRECTO,7.5968,5.6800,9.1850,2026-08-24T04:00:00Z,2026-08-13T04:00:00Z,WATCH,BULLISH,64.00,false,3.5500,19.9300,2026-07-09T04:00:00Z,2026-08-13T04:00:00Z,9.8072,11.7400,30.0528,9.8072,11.7400,4.5100,19.9300,4.1147,19.9300,30.0528,ENGINE_ASSESSMENT,SIN_DATO,false,swing_trade_no_thesis|base_gate_failed|entry_rejection_pending|entry_vwap_gate_pending|entry_session_rvol_pending|recovery_observation_watching,0,0,0,RESISTANCE,19.9300,1,BUILDING,SHORT,false,false,false,manual_monitor_only|g0_structure_building|trade_side:SHORT|active_level:1:RESISTANCE,RESISTANCE,19.9300,SIN_DATO,0,SIN_DATO,0,SIN_DATO,SIN_DATO,SIN_DATO,0,0,0,0,0,0,0,0,SIN_DATO,SIN_DATO,0,SIN_DATO,0,0,0,0,0,SIN_DATO
FSS,3,MANUAL,DIARIO FIJO,119.6633,123.1968,112.6450,110.9553,128.7200,130.6100,116.6604,121.4400,150.5069,2026-09-04T20:00:00Z,ALPACA_DIRECTO,121.4300,121.9566,136.1394,2026-09-02T04:00:00Z,2026-07-06T04:00:00Z,AVOID,BEARISH,0.00,false,108.6250,134.5100,2026-06-12T04:00:00Z,2026-07-06T04:00:00Z,118.5131,121.5675,150.5069,118.5131,121.5675,112.6450,130.6100,110.8783,130.6100,150.5069,ENGINE_ASSESSMENT,SIN_DATO,false,swing_trade_no_thesis|spot_in_zone|base_gate_failed|insufficient_reward_risk|swing_trade_entry_trigger_pending|entry_rejection_pending|entry_session_rvol_pending|recovery_observation_watching,0,0,0,SUPPORT,112.6450,2,BUILDING,SHORT,false,false,false,structural_chain_rebased|manual_monitor_only|g0_structure_building|trade_side:SHORT|active_level:2:SUPPORT,RESISTANCE,117.7500,SUPPORT,112.6450,SIN_DATO,0,SWING_DIARIO,LIQUIDITY_SWEEP,NONE,119.6467,121.0007,122.4303,116.9966,99.0000,82.6000,10.0000,65.0033,BELOW_ZONE,pivot_daily_366|daily_sma50|weekly_sma10|fib_0500|round_number,111.2900,2026-07-29T04:00:00Z,133.7800,20.2085,120.9500,118.6702,115.4245,liquidity_sweep_waiting_for_reclaim
XRT,3,MANUAL,DIARIO FIJO,87.1110,88.5241,85.2861,84.0068,90.8200,91.2300,86.5066,88.9461,99.1685,2026-09-04T20:00:00Z,ALPACA_DIRECTO,87.8175,88.4988,94.6664,2026-09-01T04:00:00Z,2026-07-16T04:00:00Z,WATCH,BULLISH,0.00,false,84.3800,93.5200,2026-06-17T04:00:00Z,2026-08-05T04:00:00Z,87.8715,88.9500,99.1685,87.8715,88.9500,85.2861,91.2300,84.5795,91.2300,99.1685,ENGINE_ASSESSMENT,SIN_DATO,false,swing_trade_no_thesis|base_gate_failed|insufficient_reward_risk|entry_rejection_pending|entry_vwap_gate_pending|entry_session_rvol_pending|recovery_observation_watching,0,0,0,RESISTANCE,92.9400,2,BUILDING,LONG,false,false,false,manual_monitor_only|g0_structure_building|trade_side:LONG|active_level:2:RESISTANCE,SUPPORT,90.7400,RESISTANCE,92.9400,SIN_DATO,0,SIN_DATO,SIN_DATO,SIN_DATO,0,0,0,0,0,0,0,0,SIN_DATO,SIN_DATO,0,SIN_DATO,0,0,0,0,0,SIN_DATO
XOS,3,MANUAL,DIARIO FIJO,2.7740,3.4366,2.9000,2.8565,4.4400,4.9500,3.5082,4.1600,6.8658,2026-09-04T20:00:00Z,ALPACA_DIRECTO,3.1053,2.6945,3.4670,2026-08-25T04:00:00Z,2026-08-18T04:00:00Z,WATCH,BULLISH,64.00,false,1.8500,4.9500,2026-08-14T04:00:00Z,2026-08-18T04:00:00Z,3.0342,3.4000,6.8658,3.0342,3.4000,1.8500,4.9500,1.5187,4.9500,6.8658,ENGINE_ASSESSMENT,SIN_DATO,false,swing_trade_no_thesis|spot_in_zone|base_gate_failed|insufficient_reward_risk|swing_trade_entry_trigger_pending|entry_rejection_pending|entry_session_rvol_pending|recovery_observation_watching,0,0,0,RESISTANCE,3.1300,2,BUILDING,LONG,false,false,false,structural_chain_rebased|manual_monitor_only|g0_structure_building|trade_side:LONG|active_level:2:RESISTANCE,SUPPORT,2.9700,RESISTANCE,3.1300,SIN_DATO,0,SIN_DATO,SIN_DATO,SIN_DATO,0,0,0,0,0,0,0,0,SIN_DATO,SIN_DATO,0,SIN_DATO,0,0,0,0,0,SIN_DATO
PB,3,MANUAL,DIARIO FIJO,72.4274,73.6837,70.5900,69.5312,75.0500,75.3700,71.8136,73.5205,79.6194,2026-09-04T20:00:00Z,ALPACA_DIRECTO,73.0555,73.1404,79.4576,2026-09-01T04:00:00Z,2026-07-16T04:00:00Z,WATCH,BULLISH,0.00,false,69.7900,75.8650,2026-07-06T04:00:00Z,2026-08-04T04:00:00Z,72.1107,72.8275,79.6194,72.1107,72.8275,70.5900,75.3700,69.9619,75.3700,79.6194,ENGINE_ASSESSMENT,SIN_DATO,false,swing_trade_no_thesis|base_gate_failed|insufficient_reward_risk|entry_session_rvol_pending|recovery_observation_watching,0,0,0,SUPPORT,71.8700,2,BUILDING,SHORT,false,false,false,structural_chain_rebased|manual_monitor_only|g0_structure_building|trade_side:SHORT|active_level:2:SUPPORT,RESISTANCE,72.3700,SUPPORT,71.8700,SIN_DATO,0,SIN_DATO,SIN_DATO,SIN_DATO,0,0,0,0,0,0,0,0,SIN_DATO,SIN_DATO,0,SIN_DATO,0,0,0,0,0,SIN_DATO
XPON,3,MANUAL,DIARIO FIJO,5.0625,6.8733,4.8000,4.7280,9.1700,11.7900,5.9679,7.9839,17.3644,2026-09-04T20:00:00Z,ALPACA_DIRECTO,5.2404,4.5598,7.8840,2026-09-02T04:00:00Z,2026-08-24T04:00:00Z,CAUTION,BULLISH,59.00,false,2.7700,11.7900,2026-07-21T04:00:00Z,2026-08-26T04:00:00Z,6.2156,7.2800,17.3644,6.2156,7.2800,3.4046,11.7900,2.4992,11.7900,17.3644,ENGINE_ASSESSMENT,SIN_DATO,false,swing_trade_no_thesis|base_gate_failed|entry_rejection_pending|entry_vwap_gate_pending|entry_session_rvol_pending|recovery_observation_watching,0,0,0,SUPPORT,3.1330,2,BUILDING,SHORT,false,false,false,manual_monitor_only|g0_structure_building|trade_side:SHORT|active_level:2:SUPPORT,RESISTANCE,6.3480,SUPPORT,3.1330,SIN_DATO,0,SWING_DIARIO,FIRST_TOUCH,NONE,5.1589,5.9178,6.6073,3.8008,94.0000,37.6000,50.0000,61.0600,IN_ZONE,pivot_daily_376|pivot_weekly_209|weekly_sma30|round_number,3.4046,2026-08-21T04:00:00Z,11.7900,246.2962,7.5973,6.6078,5.1991,key_support_first_touch
FIBK,3,MANUAL,DIARIO FIJO,37.3521,38.0335,36.1600,35.6176,39.1700,39.4550,37.1456,38.0984,43.9743,2026-09-04T20:00:00Z,ALPACA_DIRECTO,37.6928,38.2263,42.2998,2026-09-01T04:00:00Z,2026-07-16T04:00:00Z,WATCH,BULLISH,4.00,false,35.1400,40.6000,2026-06-17T04:00:00Z,2026-07-16T04:00:00Z,37.2257,37.8700,43.9743,37.2257,37.8700,36.1600,39.4550,35.8193,39.4550,43.9743,ENGINE_ASSESSMENT,SIN_DATO,false,swing_trade_no_thesis|spot_in_zone|base_gate_failed|insufficient_reward_risk|swing_trade_entry_trigger_pending|entry_vwap_gate_pending|entry_session_rvol_pending|recovery_observation_watching,0,0,0,SUPPORT,37.0750,2,BUILDING,SHORT,false,false,false,structural_chain_rebased|manual_monitor_only|g0_structure_building|trade_side:SHORT|active_level:2:SUPPORT,RESISTANCE,37.3900,SUPPORT,37.0750,SIN_DATO,0,SWING_DIARIO,FIRST_TOUCH,NONE,37.7319,38.0088,38.2944,37.2208,64.0000,41.6000,0.0000,36.9600,IN_ZONE,pivot_daily_354|daily_sma50|round_number,35.1400,2026-06-17T04:00:00Z,40.6000,15.5378,0,0,0,key_support_first_touch
MNKD,3,MANUAL,DIARIO FIJO,3.9601,4.1237,3.9000,3.8415,4.3950,4.4000,4.0085,4.1215,5.1680,2026-09-04T20:00:00Z,ALPACA_DIRECTO,4.0178,4.0419,4.4820,2026-08-31T04:00:00Z,2026-08-19T04:00:00Z,WATCH,BULLISH,64.00,false,3.5500,4.5500,2026-06-11T04:00:00Z,2026-07-06T04:00:00Z,3.9320,4.0500,5.1680,3.9320,4.0500,3.6300,4.4000,3.5482,4.4000,5.1680,ENGINE_ASSESSMENT,SIN_DATO,false,swing_trade_no_thesis|base_gate_failed|insufficient_reward_risk|entry_rejection_pending|entry_vwap_gate_pending|recovery_observation_watching,0,0,0,RESISTANCE,4.0900,1,BUILDING,SHORT,false,false,false,structural_chain_rebased|manual_monitor_only|g0_structure_building|trade_side:SHORT|active_level:1:RESISTANCE,RESISTANCE,4.0900,SIN_DATO,0,SIN_DATO,0,SIN_DATO,SIN_DATO,SIN_DATO,0,0,0,0,0,0,0,0,SIN_DATO,SIN_DATO,0,SIN_DATO,0,0,0,0,0,SIN_DATO
