rank,ticker,name,state,momentum,rsi14,macd_histogram,close,regime_120d,zone_status,geometry_mode,fib618,fib50,support20,primary_target,reward_risk,rvol20,adv20_usd,liquid_days20,historical_ath,historical_ath_at,distance_to_ath_pct,ath_guard,history_start,history_end,leveraged
1,ARM,Arm Holdings plc American Depositary Shares,CANDIDATO,MACD_RSI_CONFIRMADO,47.952023183911855,0.9524751800517084,252.09,ALCISTA_CAUSAL,EXACT,RECOVERY_AFTER_60D_LOW,248.49378,255.785,234.82,279.44,2.2631796035916936,1.1375526226317485,925010140.8985001,20,452.7,2026-06-18T04:00:00Z,44.314115308151095,NOT_REQUIRED,2023-09-14T04:00:00Z,2026-09-04T04:00:00Z,false
2,KLAC,KLA Corporation Common Stock,CANDIDATO,MACD_RSI_CONFIRMADO,47.38273653405656,0.11428482775509075,185.6,ALCISTA_CAUSAL,EXACT,RECOVERY_AFTER_60D_LOW,185.15676,189.78,170.89,209.37,1.69717861658849,1.4377522332610522,1703149330.5350003,20,307.3743,2026-06-30T04:00:00Z,39.61759327308757,NOT_REQUIRED,2016-01-04T05:00:00Z,2026-09-04T04:00:00Z,false
3,OC,Owens Corning,CANDIDATO,MACD_RSI_ARMADO,42.17251292259821,-1.822110814741959,138.72,ALCISTA_CAUSAL,EXACT,BASE_60_CAUSAL,135.7541,140.185,133.68,158.92,11.169133600115778,1.73460699986948,120914106.27200003,20,214.53,2024-11-25T05:00:00Z,35.33771500489442,NOT_REQUIRED,2016-01-04T05:00:00Z,2026-09-04T04:00:00Z,false
4,EME,"EMCOR Group, Inc.",CANDIDATO,MACD_RSI_ARMADO,45.03412364834428,-4.835108136659235,754.16,CORRECCION_ESTABILIZADA,EXACT,RECOVERY_AFTER_60D_LOW,745.0829200000001,767.51,734.26,862.54,10.85262387599642,1.0010506567147537,268868603.907,20,951.96,2026-05-06T04:00:00Z,20.77818395730914,NOT_REQUIRED,2016-01-04T05:00:00Z,2026-09-04T04:00:00Z,false
5,ETN,"Eaton Corporation, plc Ordinary Shares",CANDIDATO,MACD_RSI_ARMADO,48.00472425208336,-3.2850756139642145,410.85,ALCISTA_CAUSAL,EXACT,BASE_60_CAUSAL,399.34656,410.91999999999996,390.71,459.96,7.018238743203283,1.1074430873546248,725505425.3054998,20,478,2026-08-12T04:00:00Z,14.04811715481171,NOT_REQUIRED,2016-01-04T05:00:00Z,2026-09-04T04:00:00Z,false
6,SHOO,"Steven Madden, Ltd. Common Stock",CANDIDATO,MACD_RSI_ARMADO,44.600423614931984,-0.49794218034118237,43.68,ALCISTA_CAUSAL,EXACT,BASE_60_CAUSAL,42.859100000000005,44.045,41.44,48.88,4.242759495454842,1.3284173256497196,38582532.562,20,51.56,2021-11-17T05:00:00Z,15.283165244375487,NOT_REQUIRED,2016-01-04T05:00:00Z,2026-09-04T04:00:00Z,false
7,POET,POET Technologies Inc. Common Shares,CANDIDATO,MACD_RSI_ARMADO,48.38903767482801,-0.054228538587688446,7.92,ALCISTA_CAUSAL,EXACT,RECOVERY_AFTER_60D_LOW,7.596220000000001,7.975,7.1,9.58,3.997783241304251,1.1449679749985266,78430717.21750003,20,20.81,2026-05-14T04:00:00Z,61.941374339259966,NOT_REQUIRED,2022-03-14T04:00:00Z,2026-09-04T04:00:00Z,false
8,FORM,"FormFactor, Inc. FormFactor, Inc. Common Stock",CANDIDATO,MACD_RSI_ARMADO,44.90684721509925,-1.6129582593110081,103.9,CORRECCION_ESTABILIZADA,NEAR_BELOW_F618,RECOVERY_AFTER_60D_LOW,104.34922,110.805,95.41,138.16,3.782296441971444,1.0636510753102009,119427994.24924998,20,160.27,2026-06-30T04:00:00Z,35.17189742309852,NOT_REQUIRED,2016-01-04T05:00:00Z,2026-09-04T04:00:00Z,false
9,PSI,Invesco Semiconductors ETF,CANDIDATO,MACD_RSI_ARMADO,46.55940709776113,-0.44971989388153233,136,ALCISTA_CAUSAL,EXACT,RECOVERY_AFTER_60D_LOW,134.7194,139.05,127.93,157.4,3.340589742834418,1.8367982957964606,51715344.417500004,20,189.24,2026-06-30T04:00:00Z,28.13358697949694,NOT_REQUIRED,2016-01-04T05:00:00Z,2026-09-04T04:00:00Z,false
10,AOS,A.O. Smith Corporation,CANDIDATO,MACD_RSI_ARMADO,46.943026892679086,-0.31291102803264725,60.48,CORRECCION_ESTABILIZADA,EXACT,BASE_60_CAUSAL,59.94974,60.725,58.49,63.8,2.637634099223155,1.058619981440148,76393827.2345,20,92.445,2024-07-18T04:00:00Z,34.57731624208989,NOT_REQUIRED,2016-01-04T05:00:00Z,2026-09-04T04:00:00Z,false
11,TSEM,Tower Semiconductor Ltd. Ordinary Shares,CANDIDATO,MACD_RSI_ARMADO,49.24339998903675,-1.1778709790975395,222.335,ALCISTA_CAUSAL,EXACT,RECOVERY_AFTER_60D_LOW,217.49848,226.66000000000003,199.06,265.48,2.6022492092623697,1.2233333187986912,319265009.6935,20,319.94,2026-06-22T04:00:00Z,30.5072826154904,NOT_REQUIRED,2016-01-04T05:00:00Z,2026-09-04T04:00:00Z,false
12,HIW,Highwoods Properties Inc.,CANDIDATO,MACD_RSI_ARMADO,47.87159803186501,-0.0430300641853098,31.19,ALCISTA_CAUSAL,EXACT,BASE_60_CAUSAL,30.82796,31.509999999999998,30.4,31.91,2.5283671371156027,1.1600554110157184,29973028.80850001,20,56.23,2016-07-29T04:00:00Z,44.53138893828916,NOT_REQUIRED,2016-01-04T05:00:00Z,2026-09-04T04:00:00Z,false
13,ADEA,Adeia Inc. Common Stock,CANDIDATO,MACD_RSI_ARMADO,48.50602058347427,-0.10333788872590632,26.5,ALCISTA_CAUSAL,EXACT,RECOVERY_AFTER_60D_LOW,26.2351,27.185000000000002,24.37,29.83,1.9274569728164723,1.057553871662599,21885082.073,20,45.95,2017-01-06T05:00:00Z,42.32861806311208,NOT_REQUIRED,2016-01-04T05:00:00Z,2026-09-04T04:00:00Z,false
14,CHPY,YieldMax Semiconductor Portfolio Option Income ETF,CANDIDATO_SIN_VOLUMEN,MACD_RSI_CONFIRMADO,45.875660147335715,0.030451558544156265,67.15,ALCISTA_CAUSAL,EXACT,RECOVERY_AFTER_60D_LOW,65.87874,67.185,64.85,72.72,6.650135116744766,0.6522060927562976,37410336.321499996,20,89.86,2026-06-22T04:00:00Z,25.272646338749162,NOT_REQUIRED,2025-04-03T04:00:00Z,2026-09-04T04:00:00Z,false
15,AMSC,American Superconductor Corporation Common Stock,CANDIDATO_SIN_VOLUMEN,MACD_RSI_CONFIRMADO,43.71996903200529,0.10604146904981127,29.55,CORRECCION_ESTABILIZADA,EXACT,RECOVERY_AFTER_60D_LOW,29.24142,30.045,28.49,32.28,4.043783769396592,0.7523471459277286,18166912.1945,20,70.4857,2025-10-15T04:00:00Z,58.07660277190977,NOT_REQUIRED,2016-01-04T05:00:00Z,2026-09-04T04:00:00Z,false
16,HFWA,Heritage Financial Corporation Common Stock,CANDIDATO_SIN_VOLUMEN,MACD_RSI_CONFIRMADO,51.563027155868454,0.0321450713857277,29.29,ALCISTA_CAUSAL,EXACT,BASE_60_CAUSAL,28.94486,29.384999999999998,28.56,29.98,2.6896533804500407,0.7149303396657195,8694517.589499999,20,37.4,2018-09-10T04:00:00Z,21.684491978609625,NOT_REQUIRED,2016-01-04T05:00:00Z,2026-09-04T04:00:00Z,false
17,VMI,"Valmont Industries, Inc.",CANDIDATO_SIN_VOLUMEN,MACD_RSI_CONFIRMADO,47.20181522812008,0.7388342284612044,481.46,ALCISTA_CAUSAL,EXACT,RECOVERY_AFTER_60D_LOW,475.581,481.54,463.92,506.79,2.6763570877283254,0.47515419652664165,77570372.215,20,585.71,2026-06-25T04:00:00Z,17.79891072373701,NOT_REQUIRED,2016-01-04T05:00:00Z,2026-09-04T04:00:00Z,false
18,BRUN,Boost Run Inc. Class A Common Stock,CANDIDATO_SIN_VOLUMEN,MACD_RSI_CONFIRMADO,43.50109323053152,0.016282814516245026,17.64,ALCISTA_CAUSAL,NEAR_BELOW_F618,RECOVERY_AFTER_60D_LOW,18.42478,19.285,16.55,22.93,2.40306595973928,0.5762306115217866,49308974.12475,20,42,2026-06-03T04:00:00Z,57.99999999999999,NOT_REQUIRED,2024-12-30T05:00:00Z,2026-09-04T04:00:00Z,false
19,RDN,Radian Group Inc.,CANDIDATO_SIN_VOLUMEN,MACD_RSI_CONFIRMADO,47.36519892327558,0.026154629431165588,36.66,ALCISTA_CAUSAL,EXACT,BASE_60_CAUSAL,36.26774,36.925,35.8,37.26,2.1213922264505523,0.8970741784744747,32315648.0685,20,41.05,2026-07-14T04:00:00Z,10.69427527405603,NOT_REQUIRED,2016-01-04T05:00:00Z,2026-09-04T04:00:00Z,false
20,PDFS,"PDF Solutions, Inc. Common Stock",CANDIDATO_SIN_VOLUMEN,MACD_RSI_CONFIRMADO,47.63553814154872,0.03440686171737717,45.65,ALCISTA_CAUSAL,EXACT,RECOVERY_AFTER_60D_LOW,45.61266,46.985,41.79,52.8,1.8801933732008602,0.7695983530231941,28226578.4075,20,71.685,2026-06-30T04:00:00Z,36.31861616795704,NOT_REQUIRED,2016-01-04T05:00:00Z,2026-09-04T04:00:00Z,false
21,FIBK,"First Interstate BancSystem, Inc. Common Stock (DE)",CANDIDATO_SIN_VOLUMEN,MACD_RSI_CONFIRMADO,52.27493508121055,0.0023975418316610764,37.85,ALCISTA_CAUSAL,EXACT,BASE_60_CAUSAL,37.38956,37.93,36.315,39.17,1.6569014294222657,0.9846544780930121,33168534.533249997,20,51.24,2021-03-18T04:00:00Z,26.13192818110851,NOT_REQUIRED,2016-01-04T05:00:00Z,2026-09-04T04:00:00Z,false
22,DCI,"Donaldson Company, Inc.",CANDIDATO_SIN_VOLUMEN,MACD_RSI_ARMADO,43.91963333571044,-0.5336332110469209,91.03,ALCISTA_CAUSAL,EXACT,BASE_60_CAUSAL,89.97654,91.625,89.76,96.91,32.01930359287042,0.9743403396810617,57139576.21049999,20,112.84,2026-02-12T05:00:00Z,19.328252392768526,NOT_REQUIRED,2016-01-04T05:00:00Z,2026-09-04T04:00:00Z,false
23,GGG,Graco Inc,CANDIDATO_SIN_VOLUMEN,MACD_RSI_ARMADO,42.52222466306711,-0.524844111541209,77.88,CORRECCION_ESTABILIZADA,EXACT,BASE_60_CAUSAL,77.10661999999999,78.33500000000001,76.83,83.53,23.220952931820353,0.5327895254432539,197993039.991,20,95.69,2026-02-12T05:00:00Z,18.612185181314665,NOT_REQUIRED,2016-01-04T05:00:00Z,2026-09-04T04:00:00Z,false
24,KWEB,KraneShares CSI China Internet ETF,CANDIDATO_SIN_VOLUMEN,MACD_RSI_ARMADO,43.16934561115432,-0.116731012281036,26.05,CORRECCION_ESTABILIZADA,EXACT,BASE_60_CAUSAL,25.72718,26.375,25.54,29.12,18.125974997328637,0.8816779995867253,473424808.28950006,20,104.94,2021-02-17T05:00:00Z,75.17629121402707,NOT_REQUIRED,2016-01-04T05:00:00Z,2026-09-04T04:00:00Z,false
25,MCHB,Mechanics Bancorp Class A Common Stock,CANDIDATO_SIN_VOLUMEN,MACD_RSI_ARMADO,40.95908498740189,-0.09197072686011437,15.82,ALCISTA_CAUSAL,EXACT,BASE_60_CAUSAL,15.61264,15.91,15.52,17.17,16.810880829015343,0.9668164912721618,6974477.37025,18,57.4,2022-01-18T05:00:00Z,72.4390243902439,NOT_REQUIRED,2016-01-04T05:00:00Z,2026-09-04T04:00:00Z,false
26,ABVX,Abivax SA American Depositary Shares,CANDIDATO_SIN_VOLUMEN,MACD_RSI_ARMADO,43.499769032248615,-0.25909139479893506,114.79,ALCISTA_CAUSAL,EXACT,BASE_60_CAUSAL,112.34096,118.51,111.08,127.5,12.021824641542981,0.5602678655862391,98655217.98475002,20,148.83,2025-12-24T05:00:00Z,22.871732849559905,NOT_REQUIRED,2023-10-20T04:00:00Z,2026-09-04T04:00:00Z,false
27,SHW,The Sherwin-Williams Company,CANDIDATO_SIN_VOLUMEN,MACD_RSI_ARMADO,41.45939478282915,-2.873631591768367,333.71,ALCISTA_CAUSAL,EXACT,BASE_60_CAUSAL,333.15058,340.135,329.95,364.42,9.769922951465048,0.6214120927316922,536842629.5620001,20,400.42,2024-11-27T05:00:00Z,16.660006992657717,NOT_REQUIRED,2016-01-04T05:00:00Z,2026-09-04T04:00:00Z,false
28,WST,"West Pharmaceutical Services, Inc.",CANDIDATO_SIN_VOLUMEN,MACD_RSI_ARMADO,43.00983752530642,-1.1185260028407875,339.97,ALCISTA_CAUSAL,EXACT,BASE_60_CAUSAL,339.6913,344.66499999999996,337.47,353.77,6.338045288794878,0.8127677460318594,153340252.47200003,20,475.35,2021-09-09T04:00:00Z,28.48006731881771,NOT_REQUIRED,2016-01-04T05:00:00Z,2026-09-04T04:00:00Z,false
29,PTF,Invesco Exchange-Traded Fund Trust Invesco Dorsey Wright Technology Momentum ETF,CANDIDATO_SIN_VOLUMEN,MACD_RSI_ARMADO,47.258509149576895,-0.3844080979365585,100.16,ALCISTA_CAUSAL,EXACT,RECOVERY_AFTER_60D_LOW,97.69206,101.625,93.66,118.29,5.10854005148733,0.8497098973425986,11107986.563475,18,139.65,2026-06-22T04:00:00Z,28.277837450769788,NOT_REQUIRED,2016-01-04T05:00:00Z,2026-09-04T04:00:00Z,false
30,PWR,"Quanta Services, Inc.",CANDIDATO_SIN_VOLUMEN,MACD_RSI_ARMADO,45.37476910201003,-2.3731692492688286,624.41,ALCISTA_CAUSAL,EXACT,RECOVERY_AFTER_60D_LOW,622.70694,641.7249999999999,602.7,722.31,4.978425486356233,0.6175932034974935,682031215.8690001,20,788.75,2026-05-06T04:00:00Z,20.83549920760698,NOT_REQUIRED,2016-01-04T05:00:00Z,2026-09-04T04:00:00Z,false
31,CNS,Cohen & Steers Inc.,CANDIDATO_SIN_VOLUMEN,MACD_RSI_ARMADO,45.43441782400365,-0.6025322308571913,79.91,ALCISTA_CAUSAL,EXACT,BASE_60_CAUSAL,78.6666,80,77.23,85.65,4.861060838089942,0.5192784158642544,18383299.3775,20,110.67,2024-10-17T04:00:00Z,27.794343543869164,NOT_REQUIRED,2016-01-04T05:00:00Z,2026-09-04T04:00:00Z,false
32,QCLN,First Trust NASDAQ Clean Edge Green Energy Index Fund,CANDIDATO_SIN_VOLUMEN,MACD_RSI_ARMADO,43.76670905409083,-0.002502161088559829,49.4306,ALCISTA_CAUSAL,EXACT,RECOVERY_AFTER_60D_LOW,49.13108,49.95,48.19,53.42,4.55744463807541,0.5936491446135522,7776658.886504998,15,90,2021-02-10T05:00:00Z,45.077111111111115,NOT_REQUIRED,2016-01-04T05:00:00Z,2026-09-04T04:00:00Z,false
33,PCT,"PureCycle Technologies, Inc. Common stock",CANDIDATO_SIN_VOLUMEN,MACD_RSI_ARMADO,42.084397087071466,-0.0328369728491614,6.39,ALCISTA_CAUSAL,NEAR_BELOW_F618,RECOVERY_AFTER_60D_LOW,6.537599999999999,6.75,6.29,7.65,4.492730210016171,0.41613291037154876,23503772.361750003,20,35.75,2021-03-18T04:00:00Z,82.12587412587412,NOT_REQUIRED,2020-07-14T04:00:00Z,2026-09-04T04:00:00Z,false
34,PBW,Invesco WilderHill Clean Energy ETF,CANDIDATO_SIN_VOLUMEN,MACD_RSI_ARMADO,41.73301841044631,-0.09359435229489121,31.79,CORRECCION_ESTABILIZADA,NEAR_BELOW_F618,RECOVERY_AFTER_60D_LOW,31.86932,32.489999999999995,31.14,35.12,4.457138156090617,0.27617807058896826,17988090.255,19,138.6,2021-02-10T05:00:00Z,77.06349206349206,NOT_REQUIRED,2016-01-04T05:00:00Z,2026-09-04T04:00:00Z,false
35,XSD,State Street SPDR S&P Semiconductor ETF,CANDIDATO_SIN_VOLUMEN,MACD_RSI_ARMADO,46.14395443038879,-0.9423916405837502,491.45,ALCISTA_CAUSAL,EXACT,RECOVERY_AFTER_60D_LOW,487.58326000000005,499.375,472.93,549.34,4.214539290233012,0.6196746309938804,37340009.0255,20,658.14,2026-06-03T04:00:00Z,25.327437931139272,NOT_REQUIRED,2016-01-04T05:00:00Z,2026-09-04T04:00:00Z,false
36,PONY,Pony AI Inc. American Depositary Shares,CANDIDATO_SIN_VOLUMEN,MACD_RSI_ARMADO,46.06097235726039,-0.07442720228760519,7.35,CORRECCION_ESTABILIZADA,EXACT,BASE_60_CAUSAL,7.30198,7.525,7.02,8.47,4.1422086672813565,0.5745105204181955,31059557.5185,20,24.92,2025-10-02T04:00:00Z,70.50561797752809,NOT_REQUIRED,2024-11-27T05:00:00Z,2026-09-04T04:00:00Z,false
37,ALNT,Allient Inc. Common Stock,CANDIDATO_SIN_VOLUMEN,MACD_RSI_ARMADO,48.6731670013159,-1.3782329296512665,94.62,ALCISTA_CAUSAL,EXACT,BASE_60_CAUSAL,92.45842,96.625,86.45,114.28,3.631833327230785,0.6797632631545028,23285268.688500002,20,118.67,2026-08-11T04:00:00Z,20.26628465492542,NOT_REQUIRED,2016-01-04T05:00:00Z,2026-09-04T04:00:00Z,false
38,COHU,"Cohu, Inc. Common Stock",CANDIDATO_SIN_VOLUMEN,MACD_RSI_ARMADO,49.22112346886134,-0.567119008078445,50.72,ALCISTA_CAUSAL,EXACT,RECOVERY_AFTER_60D_LOW,48.232960000000006,50.980000000000004,44.16,62.62,3.532330295411681,0.9465933610662602,49951047.632999994,20,74.6,2026-06-30T04:00:00Z,32.010723860589806,NOT_REQUIRED,2016-01-04T05:00:00Z,2026-09-04T04:00:00Z,false
39,PWRD,TCW Transform Systems ETF,CANDIDATO_SIN_VOLUMEN,MACD_RSI_ARMADO,46.63342822052077,-0.21552683024767605,107.52,ALCISTA_CAUSAL,EXACT,RECOVERY_AFTER_60D_LOW,106.5133,108.065,104.1128,114.64,3.385419704228274,0.8467240733807563,8424872.88958,17,123.2299,2026-06-30T04:00:00Z,12.748448225633554,NOT_REQUIRED,2022-02-03T05:00:00Z,2026-09-04T04:00:00Z,false
40,CWK,Cushman & Wakefield Ltd.,CANDIDATO_SIN_VOLUMEN,MACD_RSI_ARMADO,47.273337742751956,-0.1536227529815552,13.66,ALCISTA_CAUSAL,EXACT,BASE_60_CAUSAL,13.5778,13.92,13.04,15.37,3.332465600595011,0.9744869238795096,23117873.9615,20,23.54,2022-02-25T05:00:00Z,41.97111299915038,NOT_REQUIRED,2018-08-02T04:00:00Z,2026-09-04T04:00:00Z,false
41,PNFP,"Pinnacle Financial Partners, Inc.",CANDIDATO_SIN_VOLUMEN,MACD_RSI_ARMADO,46.80330188065195,-0.3577450983770257,101.01,ALCISTA_CAUSAL,EXACT,BASE_60_CAUSAL,99.58078,101.38499999999999,97.03,108.01,3.304565662268008,0.5924719717776877,90105780.57250002,20,131.91,2024-11-25T05:00:00Z,23.425062542642706,NOT_REQUIRED,2016-01-04T05:00:00Z,2026-09-04T04:00:00Z,false
42,PENG,"Penguin Solutions, Inc. Common Stock",CANDIDATO_SIN_VOLUMEN,MACD_RSI_ARMADO,46.780544012284494,-0.15106719095413812,51.76,ALCISTA_CAUSAL,EXACT,RECOVERY_AFTER_60D_LOW,51.3782,53.75,47.59,63.8,3.2790771342590173,0.7131714498270032,82957489.15399997,20,89.86,2026-07-09T04:00:00Z,42.39928778099266,NOT_REQUIRED,2017-05-24T04:00:00Z,2026-09-04T04:00:00Z,false
43,CSL,"Carlisle Companies, Inc.",CANDIDATO_SIN_VOLUMEN,MACD_RSI_ARMADO,47.12990647044707,-2.7070527532459203,352.14,ALCISTA_CAUSAL,EXACT,BASE_60_CAUSAL,348.3377,356.28499999999997,334.85,389.96,3.0859449720856866,0.6770813342682547,213205507.30799997,20,481.26,2024-10-14T04:00:00Z,26.829572372522133,NOT_REQUIRED,2016-01-04T05:00:00Z,2026-09-04T04:00:00Z,false
44,CWEN,"Clearway Energy, Inc. Class C Common Stock",CANDIDATO_SIN_VOLUMEN,MACD_RSI_ARMADO,41.468476007042376,-0.0860541006968204,31.82,CORRECCION_ESTABILIZADA,NEAR_BELOW_F618,RECOVERY_AFTER_60D_LOW,32.20104,32.64,31.42,34.5,2.943460002048562,0.9164720153857286,36083333.394999996,20,41.79,2022-08-18T04:00:00Z,23.857382148839434,NOT_REQUIRED,2018-09-17T04:00:00Z,2026-09-04T04:00:00Z,false
45,ONDS,Ondas Inc. Common Stock,CANDIDATO_SIN_VOLUMEN,MACD_RSI_ARMADO,43.33784504730586,-0.14492005143332098,7.62,CORRECCION_ESTABILIZADA,NEAR_BELOW_F618,RECOVERY_AFTER_60D_LOW,7.76459,8.1475,7.04,9.77,2.767647911232558,0.599722090500741,607827334.3174999,20,16,2021-02-16T05:00:00Z,52.37499999999999,NOT_REQUIRED,2020-12-04T05:00:00Z,2026-09-04T04:00:00Z,false
46,CAL,Caleres Inc,CANDIDATO_SIN_VOLUMEN,MACD_RSI_ARMADO,45.527244016659026,-0.14615895712740962,12.43,ALCISTA_CAUSAL,NEAR_BELOW_F618,RECOVERY_AFTER_60D_LOW,12.52858,12.905000000000001,11.74,14.47,2.461918892185957,0.8798688066260616,5950913.939,17,44.51,2024-08-23T04:00:00Z,72.07369130532464,NOT_REQUIRED,2016-01-04T05:00:00Z,2026-09-04T04:00:00Z,false
47,TER,"Teradyne, Inc. Common Stock",CANDIDATO_SIN_VOLUMEN,MACD_RSI_ARMADO,46.88030026573334,-4.225732481942673,357.03,ALCISTA_CAUSAL,NEAR_BELOW_F618,RECOVERY_AFTER_60D_LOW,366.67486,381.275,335.46,443.14,2.4496390501190732,0.9394761738524104,877200932.0250002,20,487.91,2026-06-30T04:00:00Z,26.824619294542035,NOT_REQUIRED,2016-01-04T05:00:00Z,2026-09-04T04:00:00Z,false
48,APLD,Applied Digital Corporation Common Stock,CANDIDATO_SIN_VOLUMEN,MACD_RSI_ARMADO,44.409120798864784,-0.08726617895738942,26.37,ALCISTA_CAUSAL,EXACT,RECOVERY_AFTER_60D_LOW,26.295099999999998,27.244999999999997,24.29,31.2,2.446212158994566,0.8720508243304985,430857784.88775,20,50.725,2026-05-28T04:00:00Z,48.01379990142928,NOT_REQUIRED,2022-04-13T04:00:00Z,2026-09-04T04:00:00Z,false
49,TREX,"Trex Company, Inc.",CANDIDATO_SIN_VOLUMEN,MACD_RSI_ARMADO,47.804643239311375,-0.427010292487846,45.63,ALCISTA_CAUSAL,EXACT,BASE_60_CAUSAL,45.3214,46.230000000000004,43.34,50.08,2.401635207429099,0.6875409289252769,63176328.4945,20,140.9778,2021-12-08T05:00:00Z,67.6332018232658,NOT_REQUIRED,2016-01-04T05:00:00Z,2026-09-04T04:00:00Z,false
50,CVCO,"Cavco Industries, Inc. Common Stock When Issued",CANDIDATO_SIN_VOLUMEN,MACD_RSI_ARMADO,45.922424579413786,-2.9933032719774,566.19,ALCISTA_CAUSAL,NEAR_BELOW_F618,RECOVERY_AFTER_60D_LOW,569.11772,576.37,552.85,607.1,2.334825040017913,0.7034597395342046,54284822.36049999,20,713.005,2026-01-22T05:00:00Z,20.591019698319077,NOT_REQUIRED,2016-01-04T05:00:00Z,2026-09-04T04:00:00Z,false
51,VOLT,Tema ETF Trust Tema Electrification ETF,CANDIDATO_SIN_VOLUMEN,MACD_RSI_ARMADO,44.11210452344776,-0.05927259378614291,36.14,ALCISTA_CAUSAL,NEAR_BELOW_F618,RECOVERY_AFTER_60D_LOW,36.529,37.06,35.28,39.31,2.2265812650120047,0.5564149617620966,8039615.658999999,17,42.16,2026-06-22T04:00:00Z,14.278937381404166,NOT_REQUIRED,2019-09-09T04:00:00Z,2026-09-04T04:00:00Z,false
52,PFS,"Provident Financial Services, Inc.",CANDIDATO_SIN_VOLUMEN,MACD_RSI_ARMADO,47.92728106497086,-0.04848128555504708,23.72,ALCISTA_CAUSAL,EXACT,BASE_60_CAUSAL,23.62994,23.945,23,25.01,2.190780074292786,0.7285143678096416,17309858.089,20,29.12,2018-06-07T04:00:00Z,18.54395604395605,NOT_REQUIRED,2016-01-04T05:00:00Z,2026-09-04T04:00:00Z,false
53,FSS,Federal Signal Corp.,CANDIDATO_SIN_VOLUMEN,MACD_RSI_ARMADO,47.69992802057309,-0.6510259388838854,119.28,ALCISTA_CAUSAL,EXACT,BASE_60_CAUSAL,118.56450000000001,121.48500000000001,113.61,128.72,2.049752750025223,0.9285696391644577,42633882.93800001,20,134.51,2026-07-06T04:00:00Z,11.322578246970478,NOT_REQUIRED,2016-01-04T05:00:00Z,2026-09-04T04:00:00Z,false
54,GIL,Gildan Activewear Inc.,CANDIDATO_SIN_VOLUMEN,MACD_RSI_ARMADO,47.03759992701468,-0.33445639569863056,53.4,CORRECCION_ESTABILIZADA,EXACT,RECOVERY_AFTER_60D_LOW,53.00362,54.055,50.27,58.51,2.014318010550117,0.8848862347996701,53273198.197000004,20,73.695,2026-02-13T05:00:00Z,27.539181762670463,NOT_REQUIRED,2016-01-04T05:00:00Z,2026-09-04T04:00:00Z,false
55,PB,Prosperity Bancshares Inc,CANDIDATO_SIN_VOLUMEN,MACD_RSI_ARMADO,49.57667900788515,-0.11188044475061498,72.81,ALCISTA_CAUSAL,EXACT,BASE_60_CAUSAL,72.27124,72.84,70.7,75.05,1.768514039866593,0.4937837820685975,56681829.69399998,20,86.755,2024-11-25T05:00:00Z,16.074001498472704,NOT_REQUIRED,2016-01-04T05:00:00Z,2026-09-04T04:00:00Z,false
56,ADI,"Analog Devices, Inc. Common Stock",CANDIDATO_SIN_VOLUMEN,MACD_RSI_ARMADO,42.77535251550977,-1.3595662995767013,362.25,ALCISTA_CAUSAL,NEAR_BELOW_F618,RECOVERY_AFTER_60D_LOW,367.46961999999996,371.825,354.52,390.28,1.7614709929712256,0.9991551046429746,1339211437.1130004,20,445.91,2026-06-22T04:00:00Z,18.761633513489272,NOT_REQUIRED,2016-01-04T05:00:00Z,2026-09-04T04:00:00Z,false
57,CAMT,Camtek Ltd. Ordinary Shares,CANDIDATO_SIN_VOLUMEN,MACD_RSI_ARMADO,49.579826987289245,-0.9654386626782334,145.72,CORRECCION_ESTABILIZADA,EXACT,RECOVERY_AFTER_60D_LOW,145.01185999999998,150.58499999999998,128.14,174.2,1.7299894617428078,0.7253626086873708,62831213.889750004,20,215.99,2026-05-11T04:00:00Z,32.533913607111444,NOT_REQUIRED,2016-01-04T05:00:00Z,2026-09-04T04:00:00Z,false
58,SOXL,Direxion Daily Semiconductor Bull 3X ETF,CANDIDATO,MACD_RSI_CONFIRMADO,45.444980369580826,0.5135283141141418,117.28,ALCISTA_CAUSAL,EXACT,RECOVERY_AFTER_60D_LOW,114.73428,121.75999999999999,105.91,151.53,4.1698268867261685,1.169925734124846,6683158341.827499,20,302,2026-06-22T04:00:00Z,61.16556291390729,NOT_REQUIRED,2016-01-04T05:00:00Z,2026-09-04T04:00:00Z,true
59,IONX,Tidal Trust II Defiance Daily Target 2X Long IONQ ETF,CANDIDATO,MACD_RSI_ARMADO,43.510059392778295,-0.324089060428848,23.11,ALCISTA_CAUSAL,NEAR_BELOW_F618,RECOVERY_AFTER_60D_LOW,23.62152,25.67,21.13,34.35,4.305997945029539,1.0372540114117836,20395133.4385,20,311.87,2025-10-07T04:00:00Z,92.58986116009875,NOT_REQUIRED,2025-03-12T04:00:00Z,2026-09-04T04:00:00Z,true
60,ULTY,YieldMax Ultra Option Income Strategy ETF,CANDIDATO_SIN_VOLUMEN,MACD_RSI_ARMADO,44.09327049800034,-0.02073691049754922,26.26,CORRECCION_ESTABILIZADA,EXACT,RECOVERY_AFTER_60D_LOW,26.195120000000003,26.450000000000003,25.63,27.53,2.3621177802944318,0.6698511141176694,10577970.790500002,20,2055,2024-03-04T05:00:00Z,98.7221411192214,NOT_REQUIRED,2024-02-29T05:00:00Z,2026-09-04T04:00:00Z,true
